-- phpMyAdmin SQL Dump
-- version 4.9.0.1
-- https://www.phpmyadmin.net/
--
-- Host: 127.0.0.1
-- Generation Time: Jan 23, 2021 at 06:45 AM
-- Server version: 10.4.6-MariaDB
-- PHP Version: 7.1.32

SET SQL_MODE = "NO_AUTO_VALUE_ON_ZERO";
SET AUTOCOMMIT = 0;
START TRANSACTION;
SET time_zone = "+00:00";


/*!40101 SET @OLD_CHARACTER_SET_CLIENT=@@CHARACTER_SET_CLIENT */;
/*!40101 SET @OLD_CHARACTER_SET_RESULTS=@@CHARACTER_SET_RESULTS */;
/*!40101 SET @OLD_COLLATION_CONNECTION=@@COLLATION_CONNECTION */;
/*!40101 SET NAMES utf8mb4 */;

--
-- Database: `simpeg`
--

-- --------------------------------------------------------

--
-- Table structure for table `data_draft`
--

CREATE TABLE `data_draft` (
  `id` bigint(20) NOT NULL,
  `pegawai_id` int(11) NOT NULL,
  `nip` varchar(30) NOT NULL,
  `nama` varchar(255) NOT NULL,
  `satuan_kerja_id` int(11) DEFAULT NULL,
  `unit_kerja_id` int(11) DEFAULT NULL,
  `tanggal_input` datetime NOT NULL,
  `keterangan` varchar(255) NOT NULL,
  `user_input` int(11) DEFAULT NULL,
  `tanggal_acc` datetime DEFAULT NULL,
  `user_acc` int(11) DEFAULT NULL,
  `status` varchar(100) DEFAULT NULL,
  `table_name` varchar(100) NOT NULL,
  `data` longtext CHARACTER SET utf8mb4 COLLATE utf8mb4_bin NOT NULL,
  `created_at` datetime NOT NULL,
  `updated_at` datetime NOT NULL
) ENGINE=InnoDB DEFAULT CHARSET=utf8mb4;

--
-- Dumping data for table `data_draft`
--

INSERT INTO `data_draft` (`id`, `pegawai_id`, `nip`, `nama`, `satuan_kerja_id`, `unit_kerja_id`, `tanggal_input`, `keterangan`, `user_input`, `tanggal_acc`, `user_acc`, `status`, `table_name`, `data`, `created_at`, `updated_at`) VALUES
(1, 0, '12345', 'Jajang umara', 2, 4, '2021-01-21 08:21:24', 'Input Pegawai Baru', NULL, '2021-01-21 08:21:32', 0, 'VERIFIED', 'data_pegawai', '{\"satuan_kerja_id\":\"2\",\"unit_kerja_id\":\"4\",\"nip\":\"12345\",\"nip_lama\":\"112233\",\"nama\":\"Jajang umara\",\"nama_gelar_depan\":\"H\",\"nama_gelar_belakang\":\"SH\",\"tempat_lahir\":\"Bandung\",\"tanggal_lahir\":\"1983-09-07\",\"jenis_kelamin\":\"L\",\"status_perkawinan\":\"Belum Kawin\",\"agama\":\"Islam\",\"status_kepegawaian\":\"PNS\",\"pns_tmt\":\"2021-01-13\",\"pend_awal_id\":\"1\",\"pend_awal_th\":2000,\"pend_akhir_id\":\"15\",\"pend_akhir_th\":2010,\"jabatan_id\":\"3\",\"jabatan_tmt\":\"2021-01-20\",\"ak\":\"ak\",\"instansi_dpk\":\"-\",\"gol_awal_id\":\"1\",\"gol_awal_tmt\":\"2021-01-20\",\"gol_akhir_id\":\"7\",\"gol_akhir_tmt\":\"2021-01-20\",\"kerja_tahun\":\"6\",\"kerja_bulan\":\"5\",\"ktp\":\"1212121212\",\"npwp\":\"12121212\",\"goldar_id\":\"2\",\"bapertarum\":\"Sudah Diambil\",\"tmt_kgb\":\"2021-01-07\",\"alamat_rumah\":\"cijerah\",\"desa\":\"desa\",\"kecamatan_id\":\"7\",\"kodepos\":\"40212\",\"telp\":\"121212121212\",\"telp_hp\":\"121212122\",\"email\":\"jajang.umara@gmail.com\",\"tgl_input\":\"2021-01-21\",\"photo\":\"Penguins.jpg\"}', '2021-01-21 08:21:24', '2021-01-21 08:21:32'),
(2, 1, '12345', 'Jajang umara', 2, 4, '2021-01-21 08:41:41', 'Ubah Data Pegawai', NULL, '2021-01-21 08:41:55', 0, 'VERIFIED', 'data_pegawai', '{\"satuan_kerja_id\":\"2\",\"unit_kerja_id\":\"4\",\"nip\":\"12345\",\"nip_lama\":\"112233\",\"nama\":\"Jajang umara\",\"nama_gelar_depan\":\"H\",\"nama_gelar_belakang\":\"SH\",\"tempat_lahir\":\"Bandung\",\"tanggal_lahir\":\"1983-09-07\",\"jenis_kelamin\":\"P\",\"status_perkawinan\":\"Duda\",\"agama\":\"Islam\",\"status_kepegawaian\":\"PNS\",\"cpns_tmt\":\"2021-01-21\",\"pns_tmt\":\"2021-01-13\",\"pend_awal_id\":\"1\",\"pend_awal_th\":2000,\"pend_akhir_id\":\"15\",\"pend_akhir_th\":2010,\"ak\":\"ak\",\"instansi_dpk\":\"-\",\"gol_awal_tmt\":\"2021-01-20\",\"gol_akhir_tmt\":\"2021-01-20\",\"kerja_tahun\":\"6\",\"kerja_bulan\":\"5\",\"ktp\":\"1212121212\",\"npwp\":\"12121212\",\"goldar_id\":\"2\",\"bapertarum\":\"Sudah Diambil\",\"tmt_kgb\":\"2021-01-07\",\"alamat_rumah\":\"cijerah\",\"desa\":\"desa 1122334455\",\"kecamatan_id\":\"7\",\"kodepos\":\"40212\",\"telp\":\"121212121212\",\"telp_hp\":\"121212122\",\"email\":\"jajang.umara@gmail.com\",\"tgl_input\":\"2021-01-21\"}', '2021-01-21 08:41:41', '2021-01-21 08:41:55');

-- --------------------------------------------------------

--
-- Table structure for table `data_pegawai`
--

CREATE TABLE `data_pegawai` (
  `id` int(11) NOT NULL,
  `goldar_id` int(11) DEFAULT NULL,
  `gol_awal_id` int(11) DEFAULT NULL,
  `pend_awal_id` int(11) DEFAULT NULL,
  `satuan_kerja_id` int(11) DEFAULT NULL,
  `unit_kerja_id` int(11) DEFAULT NULL,
  `kecamatan_id` int(11) DEFAULT NULL,
  `gol_akhir_id` int(11) DEFAULT NULL,
  `jabatan_id` int(11) DEFAULT NULL,
  `pend_akhir_id` int(11) DEFAULT NULL,
  `agama` varchar(100) DEFAULT NULL,
  `nip` varchar(18) DEFAULT NULL,
  `nama` varchar(255) DEFAULT NULL,
  `nama_gelar_depan` varchar(255) DEFAULT NULL,
  `nama_gelar_belakang` varchar(255) DEFAULT NULL,
  `tempat_lahir` varchar(255) DEFAULT NULL,
  `tanggal_lahir` date DEFAULT NULL,
  `jenis_kelamin` varchar(1) DEFAULT NULL,
  `status_perkawinan` varchar(255) DEFAULT NULL,
  `karpeg` varchar(100) NOT NULL,
  `karsutri` varchar(100) NOT NULL,
  `status_kepegawaian` varchar(100) NOT NULL,
  `cpns_tmt` date DEFAULT NULL,
  `pns_tmt` date DEFAULT NULL,
  `gol_awal_tmt` date DEFAULT NULL,
  `kerja_tahun` varchar(4) DEFAULT NULL,
  `kerja_bulan` varchar(4) DEFAULT NULL,
  `jabatan_tmt` date DEFAULT NULL,
  `no_askes` varchar(255) DEFAULT NULL,
  `npwp` varchar(255) DEFAULT NULL,
  `bapertarum` varchar(100) DEFAULT NULL,
  `alamat_rumah` varchar(255) DEFAULT NULL,
  `desa` varchar(255) DEFAULT NULL,
  `kodepos` varchar(5) DEFAULT NULL,
  `telp` varchar(100) DEFAULT NULL,
  `telp_hp` varchar(100) DEFAULT NULL,
  `tmt_kgb` date DEFAULT NULL,
  `tmt_pmk` date DEFAULT NULL,
  `tmt_cltn` date DEFAULT NULL,
  `photo` varchar(255) DEFAULT NULL,
  `pend_awal_th` varchar(4) DEFAULT NULL,
  `pend_akhir_th` varchar(4) DEFAULT NULL,
  `gol_akhir_tmt` date DEFAULT NULL,
  `xar_uid` int(11) DEFAULT NULL,
  `tgl_input` date DEFAULT NULL,
  `user_input_id` int(11) DEFAULT NULL,
  `status` int(11) DEFAULT NULL,
  `nip_lama` varchar(18) DEFAULT NULL,
  `stspeg_id` int(11) DEFAULT NULL,
  `ktp` varchar(255) DEFAULT NULL,
  `instansi_dpk` varchar(255) DEFAULT NULL,
  `ak` varchar(7) DEFAULT NULL,
  `keterangan_status` varchar(255) DEFAULT NULL,
  `email` varchar(255) DEFAULT NULL,
  `punya_kpe` int(11) DEFAULT NULL,
  `kpe_tanggal` date DEFAULT NULL,
  `status_asn` int(11) DEFAULT NULL,
  `status_gaji` int(11) DEFAULT NULL,
  `id_status_kepegawaian` int(11) DEFAULT NULL,
  `umur_pensiun` int(11) DEFAULT NULL,
  `created_at` datetime NOT NULL,
  `updated_at` datetime DEFAULT NULL,
  `status_input` varchar(100) DEFAULT NULL
) ENGINE=InnoDB DEFAULT CHARSET=latin1;

--
-- Dumping data for table `data_pegawai`
--

INSERT INTO `data_pegawai` (`id`, `goldar_id`, `gol_awal_id`, `pend_awal_id`, `satuan_kerja_id`, `unit_kerja_id`, `kecamatan_id`, `gol_akhir_id`, `jabatan_id`, `pend_akhir_id`, `agama`, `nip`, `nama`, `nama_gelar_depan`, `nama_gelar_belakang`, `tempat_lahir`, `tanggal_lahir`, `jenis_kelamin`, `status_perkawinan`, `karpeg`, `karsutri`, `status_kepegawaian`, `cpns_tmt`, `pns_tmt`, `gol_awal_tmt`, `kerja_tahun`, `kerja_bulan`, `jabatan_tmt`, `no_askes`, `npwp`, `bapertarum`, `alamat_rumah`, `desa`, `kodepos`, `telp`, `telp_hp`, `tmt_kgb`, `tmt_pmk`, `tmt_cltn`, `photo`, `pend_awal_th`, `pend_akhir_th`, `gol_akhir_tmt`, `xar_uid`, `tgl_input`, `user_input_id`, `status`, `nip_lama`, `stspeg_id`, `ktp`, `instansi_dpk`, `ak`, `keterangan_status`, `email`, `punya_kpe`, `kpe_tanggal`, `status_asn`, `status_gaji`, `id_status_kepegawaian`, `umur_pensiun`, `created_at`, `updated_at`, `status_input`) VALUES
(1, 2, 1, 1, 2, 4, 7, 5, 3, 15, 'Islam', '12345', 'Jajang umara', 'H', 'SH', 'Bandung', '1983-09-07', 'P', 'Duda', '', '', 'PNS', '2021-01-21', '2021-01-13', '2021-01-20', '7', '7', '2021-01-20', NULL, '12121212', 'Sudah Diambil', 'cijerah', 'desa 1122334455', '40212', '121212121212', '121212122', '2021-01-07', NULL, NULL, 'Penguins.jpg', '2000', '2010', '2021-01-27', NULL, '2021-01-21', NULL, NULL, '112233', NULL, '1212121212', '-', 'ak', NULL, 'jajang.umara@gmail.com', NULL, NULL, NULL, NULL, NULL, NULL, '2021-01-21 08:21:33', '2021-01-22 15:43:01', NULL);

-- --------------------------------------------------------

--
-- Table structure for table `master_agama`
--

CREATE TABLE `master_agama` (
  `id` int(11) NOT NULL,
  `nama` varchar(100) NOT NULL
) ENGINE=InnoDB DEFAULT CHARSET=latin1;

--
-- Dumping data for table `master_agama`
--

INSERT INTO `master_agama` (`id`, `nama`) VALUES
(1, 'Islam'),
(2, 'Katholik'),
(3, 'Protestan'),
(4, 'Hindu'),
(5, 'Budha'),
(6, 'Konghucu'),
(7, 'Lainnya');

-- --------------------------------------------------------

--
-- Table structure for table `master_bahasa`
--

CREATE TABLE `master_bahasa` (
  `id` int(11) NOT NULL,
  `nama` varchar(100) NOT NULL,
  `deskripsi` varchar(555) NOT NULL,
  `created_at` datetime NOT NULL,
  `updated_at` datetime NOT NULL
) ENGINE=InnoDB DEFAULT CHARSET=latin1;

--
-- Dumping data for table `master_bahasa`
--

INSERT INTO `master_bahasa` (`id`, `nama`, `deskripsi`, `created_at`, `updated_at`) VALUES
(1, 'Inggris', 'Bahasa Inggris', '2021-01-06 00:00:00', '2021-01-06 00:00:00'),
(2, 'Indonesia', 'Bahasa Indonesia', '2021-01-06 00:00:00', '2021-01-06 00:00:00');

-- --------------------------------------------------------

--
-- Table structure for table `master_diklat_fugsional`
--

CREATE TABLE `master_diklat_fugsional` (
  `id` int(11) NOT NULL,
  `nama` varchar(255) DEFAULT NULL
) ENGINE=InnoDB DEFAULT CHARSET=latin1;

--
-- Dumping data for table `master_diklat_fugsional`
--

INSERT INTO `master_diklat_fugsional` (`id`, `nama`) VALUES
(1, 'Diklat Teknis Tenaga Kependidikan'),
(2, 'Diklat Pengusaha'),
(3, 'Diklat akta iv'),
(4, 'Diklat surveyor'),
(5, 'Diklat fotografer'),
(6, 'Diklat fotografer'),
(7, 'Diklat Pemimpin'),
(8, 'Diklat 3 V'),
(9, 'Diklat satpam'),
(10, 'Diklat Teknisi komputer'),
(11, 'Diklat kepolisian'),
(12, 'Diklat Pengacara'),
(13, 'Diklat Kebugaran'),
(14, 'Penyuluhan pertanian'),
(15, 'Penyuluhan Perkebunan'),
(16, 'Penyuluhan Peternakan Kaki Empat'),
(17, 'Penyuluhan Peternakan Kaki Dua'),
(18, 'Penyuluhan Kehutanan'),
(19, 'Memasak'),
(20, 'Mengukur'),
(21, 'Mengukir'),
(22, 'Keluarga Berencana'),
(23, 'Kesehatan Jasmani dan Rohani'),
(24, 'Kesehatan Ibu dan Anak'),
(25, 'Apoteker'),
(26, 'Properti'),
(27, 'Kesehatan Hewan'),
(28, 'Kesehatan Manula'),
(29, 'diklat 3 V'),
(30, 'Pelatihan Guru SMP'),
(31, 'Penataran P3D'),
(32, 'Penataran Kurikulum SD/CBSA'),
(33, 'Lokakarya Praktek Pengembangan Mulok'),
(34, 'Pelatihan Rancang Bangun Alat Peraga Mat'),
(35, 'Peningkatan Pembinaan Pendidikan Dasar'),
(36, 'Penyuluhan Pengajaran Matematika'),
(37, 'Penataran Guru Kelas IV'),
(38, 'Penataran Kurikulum Pendidikan Dasar'),
(39, 'Pelatihan Guru Pamong Angkatan II'),
(40, 'Pendidikan dan Latihan Terpadu'),
(41, 'Pelatihan Basa Jeung Sastra Sunda'),
(42, 'Pelatihan Teknik Penilaian & Penulisan Konstruksi Soal SD/MI'),
(43, 'Pelatihan dan Pemahaman Kurikulum 2004 (Standar Kompetensi Basa Sunda)'),
(44, 'Pelatihan Guru SD/Metoda Pengajaran Bahaya Gempa Bumi untuk Guru SD'),
(45, 'Penataran Mulok bahasa Inggris SD'),
(46, 'Penataran Guru PMP'),
(47, 'Penataran PSBKS'),
(48, 'Penataran Peningkatan Kemampuan Pendidikan'),
(49, 'Diklat Sertifikasi Guru'),
(50, 'Latihan Produk Media Grafis'),
(51, 'Pendidikan Sekkolah Dasar'),
(52, 'Media Pendidikan'),
(53, 'Muatan Lokal Bahasa Inggris'),
(54, 'Pelatihan Kurikulum'),
(55, 'Pelatihan Gempa Bumi Mitigasi ITB'),
(56, 'Pelatihan SKJ'),
(57, 'Pelatihan Pendidikan PLH'),
(58, 'Penelitian PTK'),
(59, 'Pengembangan Profesionalisme Guru Melalui Karya Tulis Ilmiah'),
(60, 'Teknis Mengingat Cepat'),
(61, 'Lesson Study'),
(62, 'Program PPL'),
(63, 'Penataran P2SD'),
(64, 'BENDAHARAWAN DAERAH'),
(65, 'Upaya Peningkatan Kualitas Pendidikan'),
(66, 'Penataran Peningkatan Pembinaan Pendidikan Dasar'),
(67, 'Kurikulum Muatan Lokal'),
(68, 'Seminar Media Pendidikan Se Bandung Raya'),
(69, 'Penataran Guku Kelas I'),
(70, 'Pelatihan Guru Pamong'),
(71, 'Anggaran Kinerja Pemegang Kas'),
(72, 'Komputer Tingkat Dasar'),
(73, 'Komputer Tingkat Programmer'),
(74, 'Teknis Pengelolaan Keuangan Daerah'),
(75, 'TOT Out Bound'),
(76, 'Manajemen Proyek (KMP)'),
(77, 'Teknik Pengujian STTL Penyuluhan'),
(78, 'Kursus Amdal'),
(79, 'Akuntabilitas Kinerja Instansi Pemerintah'),
(80, 'Pengadaan Barang dan Jasa Pemerintah'),
(81, 'Pimpinan Proyek'),
(82, 'KMP'),
(83, 'Penata Usahaan dan Akuntansi Keuangan Daerah'),
(84, 'Anggaran Kinerja Bagi PPTK'),
(85, 'Kearsipan'),
(86, 'SERTIFIKASI JABATAN FUNGSIONAL PENELITI'),
(87, 'MANAJEMEN KELEMBAGAAN LITBANG'),
(88, 'PPNS Lingkungan'),
(89, 'TOT Kewidyaiswaraan'),
(90, 'Perpustakaan'),
(91, 'Arsiparis'),
(92, 'Penyusunan Angka Kredit Pustakawan'),
(93, 'MPP'),
(94, 'KPP Pusdokinfo'),
(95, 'Jaringan Informasi Kearsipan'),
(96, 'Diklat Sosialisasi Pengembangan Kesehatan Sekolah Tk. Nasional'),
(97, 'Diklat Sosialisasi UU Guru dan Dosen'),
(98, 'Pelatihan dan Workshop Analisis Kebijakan Pendidikan Dasar'),
(99, 'Pelatihan Penelitian Kebijakan (Policy Research)'),
(100, 'Peningkatan Kemampuan Apartaur Kab/Kota se-Jabar'),
(101, 'Penyuluhan Laporan Kegiatan Penanaman Modal bagi Aparatur Kab/Kota se-Jabar'),
(102, 'Pemantapan Tugas Aparat Desa/Kelurahan'),
(103, 'Teknis Fungsional Manajemen Proyek'),
(104, 'Auditor Pajak'),
(105, 'LATIHAN DASAR UMUM'),
(106, 'Penyidik Pegawai Negerti Sipil (PPNS)'),
(107, 'Pelatihan Studi Kelayakan Proyek Transportasi'),
(108, 'ORIENTASI PENGELOLA INPRES BANGDES'),
(109, 'LPTD KEPALA DESA/KELURAHAN'),
(110, 'PENGELOLAAN GPKS BAGI LURAH'),
(111, 'PENGEMBANGAN KUALITAS APARATUR KELURAHAN'),
(112, 'PERENCANAAN PARTISIPATIF PEMBANGUNAN'),
(113, 'Metrologi Litbang & Analisis'),
(114, 'Kursus Manajemen Proyek'),
(115, 'Sertifikasi Jabatan Fungsional  Peneliti'),
(116, 'Diklatsar Menwa'),
(117, 'Kursus Orientasi Lengkap Pramuka'),
(118, 'Penataran Bidang Agraria'),
(119, 'Diklat Manajemen Proyek'),
(120, 'Pelatihan Pemberdayaan POL PP'),
(121, 'AUDITOR AHLI'),
(122, 'Job Training Pustakawan'),
(123, 'TOT STD YAN Minimal (SPM)'),
(124, 'Analisis Kepegawaian Ahli'),
(125, 'Diklat MOT'),
(126, 'Hakamnas'),
(127, 'Manajemen Qolbu'),
(128, 'Kesehatan Jiwa'),
(129, 'Dokter Keluarga'),
(130, 'Perencanaan Tata Ruang'),
(131, 'Pranata Komputer'),
(132, 'TMPPD'),
(133, 'TMPPL'),
(134, 'Anggaran Kinerja'),
(135, 'Penanggulangan HIV AIDS'),
(136, 'TEKNIS FUNGSIONAL BINA SOSPOL'),
(137, 'Evaluasi dan Monitoring'),
(138, 'Sistem Informasi Geografi (SIG) Tingkat Operator'),
(139, 'Penataran guru-guru melalui sistem Pembinaan Profesional Guru Matematika Dengan Pendekatan CBSA'),
(140, 'Peningkatan Wawasan Kependidikan Guru Agama Islam SD se-Jabar'),
(141, 'Penataran Pembinaan Profesional Guru Bagi Kepala SD dan Guru SD'),
(142, 'Penataran Implementasi dan Pengembangan Menteri Sejumlah Jam Pelajaran Dalam (KMB)'),
(143, 'Penataran Guru Pendidikan Agama Islam  Bandung'),
(144, 'TOT Sosialisasi dan Bimtek Perencanaan dan Anggaran Daerah'),
(145, 'Bendaharawan Paralel A'),
(146, 'TOT Tenaga Pengasuh Praja STPND'),
(147, 'PPNS Penataan Ruang'),
(148, 'Perencana Muda'),
(149, 'Diklat Dasar Linmas'),
(150, 'Training For Infrastrukture Development Public Private Partnership'),
(151, 'Pelatihan Perencanaan Pembangunan Daerah'),
(152, 'DIKLAT JURU SITA PAJAK'),
(153, 'TOT TE Legal Rafer'),
(154, 'Pelatihan Jabatan Fungsional Penyuluh Kesehatan Masyarakat Terampil'),
(155, 'Diklat Manajemen Kepala Sekolah Dasar'),
(156, 'Diklat Kompetensi Pejabat Struktural'),
(157, 'Pendidikan dan Pelatihan Dental Radiologi'),
(158, 'Workshop Implementasi Lesom Study'),
(159, 'Diklat Profesional Kedokteran Gigi Berkelanjutan'),
(160, 'Juru Penerangan Tingkat Lanjutan'),
(161, 'Penataran Partisipasi Masyarakat'),
(162, 'Orientasi Camat Perkotaan'),
(163, 'Penetapan Pengelola Posyantekdes'),
(164, 'LPPM'),
(165, 'Bendaharawan Proyek'),
(166, 'PELATIHAN SENAM \\\"J.S\\\"'),
(167, 'Pimpinan Pelaksana Kegiatan (Pinlak)'),
(168, 'Insersi AKDR/ Implant'),
(169, 'Ministry of Health the Republic of Indonesia'),
(170, 'Diklat Manajemen Kepala Sekolah Menengah'),
(171, 'Bidang Pertahanan'),
(172, 'Diklat Analisis Jabatan'),
(173, 'Suspim Depdagri'),
(174, 'Diklat Jarak Jauh Hubungan Industrial dan syarat kerja'),
(175, 'pemantapan pegawai perantara'),
(176, 'Pemantapan Hub. Industrian dan syarat kerja'),
(177, 'DJJ. Pengawas Ketenagakerjaan'),
(178, 'Penilai Angka Kredit Jabatan Fungsional Perantara HI'),
(179, 'tim penilai angka kredit (P2UPD)'),
(180, 'Bela Negara'),
(181, 'Fungsional PAK'),
(182, 'Audit Insvestigasi'),
(183, 'TOT TINGKAT DASAR PENGADAAN BARANG/JASA PEMERINTAHAN'),
(184, 'TOT PENINGKATAN KOMPETENSI PENGADAAN BARANG/JASA PEMERINTAHAN'),
(185, 'Penatalaksanaan ISPA'),
(186, 'Pelatihan Kusta'),
(187, 'Vasektomi Tanpa Pisau'),
(188, 'Deseminasi Informasi Pengobatan'),
(189, 'Implanon'),
(190, 'Metode Diklat Fasilitator'),
(191, 'Customer Service'),
(192, 'Update ONTB'),
(193, 'Kursus Dasar USG'),
(194, 'Strategi DOTS'),
(195, 'Anjab , ABK'),
(196, 'Manajemen Perkantoran'),
(197, 'Analis Jabatan'),
(198, 'Analisis Manajemen'),
(199, 'Penataran P.4'),
(200, 'Latsar Hankamnas'),
(201, 'Suskalak A'),
(202, 'Pelatihan Peningkatan Kinerja Aparatur'),
(203, 'Jabatan Fungsional Perencana'),
(204, 'Jabatan Pemandu NASN PNPM'),
(205, 'Kursus Kader Pelaksana'),
(206, 'kewidyaswaraan'),
(207, 'LDU PLKB'),
(208, 'Bendahara Pemegang Kas'),
(209, 'Latihan Dasar Program KB-Kesehatan'),
(210, 'Latihan Dasar UPGK'),
(211, 'pelatihan orientasi'),
(212, 'Pelatihan Orientasi GPKS'),
(213, 'pelatihan program KB nasional'),
(214, 'Pelatihan Komputer'),
(215, 'Pembina Penataran Tingkat Kotamadya Type B'),
(216, 'Pelatihan Teknis Perindag'),
(217, 'Manajemen Perencanaan Dalam Negeri'),
(218, 'Pelatihan AMT'),
(219, 'Pelatihan Pupuk Alternatif'),
(220, 'Pelatihan Mutu Garam'),
(221, 'Pelatihan Pengawasan Barang Beredar'),
(222, 'Akta Mengajar IV'),
(223, 'Diklat Satpol PP'),
(224, 'Pembinaan Teknis Kearsipan'),
(225, 'SUSKALAK B'),
(226, 'Pola dan Kerja Budaya Prima'),
(227, 'Pelatihan Komunikasi Inter Personal/Konseling'),
(228, 'Bintek Pengadaan Barang dan Jasa'),
(229, 'Bintek Analisis Managemen Modul II'),
(230, 'P4 Konstektual'),
(231, 'Perangkat Kelurahan'),
(232, 'Pelatihan Kelompok Penggerak Pembangunan Lapangan (KPPL)'),
(233, 'Penataran Produk Hukum Daerah'),
(234, 'Pelatihan Pulahta kesos'),
(235, 'Penataran Budaya Kerja'),
(236, 'Diklat AKIP dan LAKIP'),
(237, 'Pelatihan Manajemen Kepariwisataan'),
(238, 'S2D1 HUKUM'),
(239, 'SERTIFIKASI JABATAN FUNGSIONAL AUDITOR'),
(240, 'Bendaharawan PUM C'),
(241, 'Praktek Lapangan'),
(242, 'Pendidikan Dan Latihan Dasar'),
(243, 'Pendidikan Bagian Petugas Lapangan'),
(244, 'Pendidikan Komunikasi'),
(245, 'Pelatihan Petugas Imunisasi'),
(246, 'Pengawasan intern'),
(247, 'Pemeriksaan Operasional'),
(248, 'Pemeriksaan Keuangan'),
(249, 'Peningkatan SDM (P.Keuangan,pajak,JFA'),
(250, 'Pemeriksaan Keuangan dan Barang Daera'),
(251, 'Pemeriksaan Keuangan dan Barang daerah'),
(252, 'KLP/K'),
(253, 'Peningkatan Mutu & Profesionalisme PLKB'),
(254, 'Refresing PLKB'),
(255, 'Ujian Dinas'),
(256, 'Kursus Bendaharawan'),
(257, 'Manajemen Pusat Pertokoan Dan Perbelanjaan'),
(258, 'pelayanan kesehatan gigi masyarakat dan anak usia sekolah'),
(259, 'DITLATJAR LINMAS'),
(260, 'Komputer Dasar'),
(261, 'Manajemen Proyek Pemda Pemprov Jabar'),
(262, 'P4 Terpadu'),
(263, 'Pendidikan Kursus Bendahara Pemerintah Provinsi Jabar'),
(264, 'Sensus Barang'),
(265, 'Administrasi Penduduk'),
(266, 'Prajabatan'),
(267, 'Pelayanan Prima'),
(268, 'Audit Operasional Bagi Auditor Dilingkungan Bawasda Se-Jabar'),
(269, 'Sertifikasi Jabatan Fungsional Auditor Pembentukan Auditor Ahli'),
(270, 'Diklat Teknis Fungsional manajemen Proyek'),
(271, 'Diklat Sertifikasi Jabata Fungsional Penelitin'),
(272, 'Diklat Sertifikasi Jabatan Fungsional Peneliti'),
(273, 'Sertifikasi Jabatan Fungsional Pekerja Sosial Tingkat Ahli'),
(274, 'Diklat PLKB'),
(275, 'Adm Umum'),
(276, 'Orientasi Tugas Pokok Pengetahuan dan Keterampilan'),
(277, 'PLK Pengembangan Kualitas'),
(278, 'P4 Kontekstual'),
(279, 'Aplikasi Komputer'),
(280, 'Penataran'),
(281, 'Protokol'),
(282, 'Sistem UDKP'),
(283, 'Instansi Sekrot Kecamatan'),
(284, 'LTK Adm. Staf P.PLKB'),
(285, 'LDU GKBN Ajun PKB'),
(286, 'Manajemen Kemitra Usahaan'),
(287, 'MDK'),
(288, 'Reposisi PLKB'),
(289, 'TOT Outbond'),
(290, 'TOT Prajabatan'),
(291, 'Audit Lingkungan'),
(292, 'PPNS Lingkungan Hidup'),
(293, 'TOT Environmental Polution Control Manager Bidang Air'),
(294, 'pemimpin pelaksana kegiatan'),
(295, 'Diknalma Pengantor Kerja'),
(296, 'Pelatihan Keahlian Pekerjaan Sosial'),
(297, 'Pelatihan Software Akuntans Accorate 4'),
(298, 'IHT KTSP DAN E-LEARNING'),
(299, 'HAS PARTICIPATED IN THE WEST JAVA ENGLISH PROFICIENCY TEST'),
(300, 'IHT PENYUSUNAN SILABUS'),
(301, 'Pendidikan & Pelatihan Profesi Guru Tingkat Nasional'),
(302, 'Pelatihan Peningkatan Kompetensi'),
(303, 'Pelatihan Penyusunan Proposal Penelitian Tindakan Kelas'),
(304, 'Pendidikan & Pelatihan Kompetensi Kepribadian'),
(305, 'IHT Penyusunan Kurikulum KTSP RPP'),
(306, 'IHT INFORMATION COMMUCATION TECHNOLOGY'),
(307, 'Intel Teach Program Getting Started Course'),
(308, 'IHT Revisi Penyusunan KTSP RPP'),
(309, 'TOT Penyusunan Rencana Tindakan'),
(310, 'Administrasi Keuangan'),
(311, 'Diklat Tekhnis Evaluasi Penyusunan Lakip'),
(312, 'Bimtek Peningkatan SDM BAWASDA'),
(313, 'Audit Laporan Pertggjwban Keuangan Pemda'),
(314, 'Diklat Akhli Ekspor-Impor'),
(315, 'TOT WIDYAISWARA TK I'),
(316, 'TOT BENDAHARAWAN DAERAH'),
(317, 'Monitoring Dampak Krisis'),
(318, 'PELATIHAN PENGELOLAAN PERPUSTAKAAN'),
(319, 'Pelatihan Imunisasi'),
(320, 'Master Of Trainer Penyelenggaraan PAUD'),
(321, 'Fasilitasi PKBM Berbasis Masyarakat'),
(322, 'TOT MANAJEMEN PLS BERBASIS PKBM'),
(323, 'PELATIHAN MANAJEMEN MUTU UTK'),
(324, 'INVIGILATOR SERTIFIKASI LITERASI KOMP'),
(325, 'Pengelolaan Sistem Informasi Management'),
(326, 'Penyuluhan dan Penyebaran Informasi PNFI'),
(327, 'Kompetensi Pamong Belajar'),
(328, 'Penjenjangan Perencana TK. Muda'),
(329, 'Penyuluh Kearsipan'),
(330, 'Pertahanan Keamanan Negara Dan Petugas Konsultasi Lapangan'),
(331, 'Teknik Manajemen Proyek'),
(332, 'Teknik Penilaian Angka Kredit'),
(333, 'Pelatihan Orientasi Operasional GPKS'),
(334, 'Pembinaan Profesi Guru SD'),
(335, 'Pelatihan Puskesmas RRI'),
(336, 'Bendahara'),
(337, 'Pendidikan & Pelatihan Satuan Bacti Pekerja Sosial'),
(338, 'Bintek & Pelatihan'),
(339, 'Diklat Penyidik PNS'),
(340, 'Program TB Paru Untuk Tenaga Laboraturium Puskesmas'),
(341, 'DIKLAT PENYETARAAN JABATAN FUNGSIONAL PUSTAKAWAN'),
(342, 'Penciptaan Arsiparistik Keahlian'),
(343, 'DIKLAT FUNGSIONAL MANAJEMEN PROYEK'),
(344, 'Pendidikan dan Pelatihan Strategi Dot S Program P2TBC Bagi Dokter dan Paramedis'),
(345, 'Pelatihan Dasar Program Dukungan dan Perawatan Komplementer Untuk HIV/AIDS'),
(346, 'International Training Programme On HIV/AIDS Prevention and Care For Children and Vulnerable Young People'),
(347, 'Manajemen Kemitrausahaan'),
(348, 'Pencabutan Implant'),
(349, 'Bimbingan Pratugas Dokter Lepas Pantai'),
(350, 'Latsar Linmas'),
(351, 'Pelatihan Tenaga DRG Puskesmas Angk. I'),
(352, 'Peningkatan Pembinaan Drg Mengenai Quality Assuurance'),
(353, 'Teknis Fungsional Kependudukan'),
(354, 'TEKHNIS FUNGSIONAL KEPENDUDUKAN'),
(355, 'Orientasi Manajemen PKB'),
(356, 'Pengembangan Media KIE'),
(357, 'Latihan Dasar PLKB'),
(358, 'Pekarya Kesehatan'),
(359, 'Pendidikan & Pelatihan Fungsional Penjenjangan Perencanaan Tingkat Pertama'),
(360, 'LDU KB Nasional'),
(361, 'LATSAR Linmas KB'),
(362, 'Pengembangan KIE Bagi Ajun PKB'),
(363, 'Manajemen Pemerintahan'),
(364, 'BIMTEK PELAYANAN BAGI PEGAWAI FRONT OFFICE'),
(365, 'DIKLAT  PENGADAAN BARANG & JASA'),
(366, 'Pelatihan Lurah'),
(367, 'Diklat Tertib Niaga dan Perlindungan Konsumen'),
(368, 'Analisis Terampil Kepegawaian'),
(369, 'DIKLAT FUNGSIONAL JUPEN TINGKAT DASAR ANGKATAN III'),
(370, 'DIKLAT PEMBERDAYAAN PNPB'),
(371, 'Badan Pembinaan Pendidikan Pelaksanaan Pedoman Penghayatan Dan Pengalaman Pancasila (BP-7)'),
(372, 'PENATARAN AGRARIA'),
(373, 'KOMPETENSI PENDIDIKAN'),
(374, 'ORPADNAS'),
(375, 'PPK Pemakaian Kontrasepsi'),
(376, 'Bendaharawan A'),
(377, 'Pelatihan Orientasi Operasionalisasi'),
(378, 'Pelatihan KIE/ Konseling'),
(379, 'Kerangka Pembangunan Strategis'),
(380, 'Metodologi Riset'),
(381, 'Kiat Penyusunan Proposal'),
(382, 'Pelatihan Teknologi Sampah'),
(383, 'Jupen Fungsional'),
(384, 'DIKLAT LINMAS'),
(385, 'Manajemen Pembangunan UKM dan Koperasi'),
(386, 'KURSUS BENDAHARAWAN DENTOR'),
(387, 'Aksi Pakis'),
(388, 'Diklat tekhnis Manajemen proyek'),
(389, 'Diklat Tekhnis l Manajemen proyek'),
(390, 'BENDAHARAWAN'),
(391, 'DIKLAT BENDAHARAWAN'),
(392, 'Pengelolaan Barang Milik Daerah'),
(393, 'Pembekalan Akusisi Nasional Arsip Orde Baru dan Kabinet Reformasi Pembangunan'),
(394, 'Sertifikasi Jabatan Funfsional Auditor'),
(395, 'Latihan Dasar Keluarga Berencana'),
(396, 'Latihan Dasar Staf PPLKB'),
(397, 'Latihan Teknis BIBB Kontap'),
(398, 'Pelatihan Konseling'),
(399, 'Latihan Orientasi management'),
(400, 'Latihan Teknis KIP Konseling'),
(401, 'Diklat Program KB'),
(402, 'Latihan Orientasi & Refreshing Plub'),
(403, 'Administrasi Kepegawaian'),
(404, 'PENILAIAN ANGKA KREDIT JABATAN FUNGSIONAL GURU'),
(405, 'ANALIS TRAMPIL KEPEGAWAIAN'),
(406, 'MANAJEMEN PENYELESAIAN PELANGGARAN DISIPLIN PNS'),
(407, 'PELATIHAN ANALIS KEPEGAWAIAN AHLI'),
(408, 'BIMBINGAN TEKHNIS PENINGKATAN KEMAMPUAN PELAYANAN KOTA'),
(409, 'DIKLAT DASAR HANKAMNAS'),
(410, 'KIP/K'),
(411, 'DASAR DASAR KEPENDUDUKAN IV'),
(412, 'PENGADAAN BARANG JASA'),
(413, 'Filosofi Audit dan Pengawasan Aspek Strategis'),
(414, 'Pembentukan Auditor Ahli'),
(415, 'DIKLAT Lotus Note'),
(416, 'Diklat Performance Audit'),
(417, 'Diklat Auditor Ahli'),
(418, 'Pengenalan Cara Mengajar'),
(419, 'Penataran Arsiparis'),
(420, 'Pelatihan Kader Profesional Pembangunan Masyarakat Desa'),
(421, 'DIKLAT Kewidyaiswaraan Berjenjang Tingkat Pertama'),
(422, 'pelatihan Analisis Mengenai dampak Lingkungan'),
(423, 'DIKLAT Pengelolaan dan Pertanggungjawaban Keuangan Negara/Daerah'),
(424, 'DIKLAT Participatory Rural'),
(425, 'PELATIHAN DASAR UMUM GKBN'),
(426, 'PELATIHAN KIP/KONSELING'),
(427, 'ORIENTASI STUDY TOUR-INTERNATIONAL TRAINING PROGRAM'),
(428, 'KEPASWADAAN NASIONAL'),
(429, 'TPP PEMBAURAN'),
(430, 'SOSIALISASI UUD NO 22 1999'),
(431, 'ENGLISH CONVERSATION COURSE'),
(432, 'Administrasi Perkantoran'),
(433, 'KIP-K'),
(434, 'KONSELING PKB'),
(435, 'DIKLAT PNS'),
(436, 'Pemberdayaan Polisi Pamong Praja'),
(437, 'DIKLAT Kep. Kel LPDT'),
(438, 'DIKLAT Teknis Anggaran Kinerja'),
(439, 'MTBS'),
(440, 'AUT'),
(441, 'AUTOPSI VERBAL'),
(442, 'KRR'),
(443, 'STRATEGI DOTSTB PARU'),
(444, 'KESEHATAN KERJA'),
(445, 'PPGD'),
(446, 'FLU BURUNG'),
(447, 'DETEKSI DINI TUMBUH KEMBANG ANAK'),
(448, 'DIKLAT Pendamping Kel.Pemuda Sebaya'),
(449, 'Analisa Dampak Sosial'),
(450, 'DIKLAT DASAR UMUM CALON AJUN PENYULUH KB MADYA'),
(451, 'PELATIHAN PENDAMPING KELOMPOK PROKESRA UPPKS'),
(452, 'Pelatihan Penanganan Cedera Olahraga'),
(453, 'PELATIHAN KOMUNIKASI INTERNASIONAL'),
(454, 'Pelatihan Manajemen Puskesmas Prov. JABAR'),
(455, 'LDU GKKBN'),
(456, 'REPOSISI BAGI PLKB/PKB'),
(457, 'LPU GKBN'),
(458, 'Orientasi Pembangunan KS'),
(459, 'Reposisi bagi PKB'),
(460, 'Prog. KB Kes'),
(461, 'Higene Perusahaan dan Kes Kerja'),
(462, 'Manajemen Terpadu Balita Sakit'),
(463, 'LMCB'),
(464, 'P2HBS'),
(465, 'Bislim'),
(466, 'PELATIHAN TEKNIS PEMANTAUAN DAMPAK KRISIS BAGI PETUGAS KB'),
(467, 'PELATIHAN REFRESING PEMANTAPAN OPS LINI LAPANGAN BAGI PETUGAS KB'),
(468, 'DIKLAT SERTIFIKASI JABATAN FUNGSIONAL AUDITOR AHLI'),
(469, 'ADUM Eselon IV'),
(470, 'DIKLAT PIM TK III'),
(471, 'DIKLAT AKIP & LAKIP INST PEMERINTAH'),
(472, 'LAK Dasar HAMKAMNAS'),
(473, 'KIP Konsling'),
(474, 'Orientasi Manajemen Wirausaha'),
(475, 'PEL. Prog. KB'),
(476, 'TATA NASKAH DINAS & KEARSIPAN'),
(477, 'DIKLAT MANTRI POLISI PAMONG PRAJA'),
(478, 'DIKLATSAR LINMAS angkatan XV dan XVI'),
(479, 'Pelatihan RBM Tingkat Kota Madya Bandung'),
(480, 'Pelatihan Bidang Software & Hardware'),
(481, 'MENTAL IDEOLOGI APARATUR'),
(482, 'BINTEK KEPROTOKOLAN'),
(483, 'DIKLAT DEPNAKERTRANSRI'),
(484, 'SRU Darat SAR Nasional'),
(485, 'Pelatihan Internet dan SIM Mandiri'),
(486, 'Managemen Proyek'),
(487, 'PELATIHAN PENILIK PLS'),
(488, 'PELATIHAN SENAM BERSATU'),
(489, 'Pelatihan Pemb & Pengb Prof Peksos'),
(490, 'SOSIALISASI PEND KESETARAAN'),
(491, 'Penyuluh Sosial Tingkat Ahli'),
(492, 'Teknik Pengelolaan Keuangan Daerah'),
(493, 'BINTEK Pengadaan Barang/Jasa'),
(494, 'LDU PLILB'),
(495, 'LDST Integrasi'),
(496, 'LTB Kontap'),
(497, 'LTK Adum PLKB'),
(498, 'POP GPS'),
(499, 'OTUPOK PLKB'),
(500, 'Pendamping UPPKS'),
(501, 'KIP/K PLILB'),
(502, 'Program KBN Tk. Desa'),
(503, 'KB Kependudukan'),
(504, 'LATBANG KB Nasional'),
(505, 'PU Terpadu'),
(506, 'PU Kontektual'),
(507, 'Public Relation'),
(508, 'PELATIHAN KEARSIPAN'),
(509, 'PELATIHAN MENEJEMEN KESEHATAN'),
(510, 'DIKLAT TEKNIS FUNGSIONAL TERPADU BAGI DOKTER PUSKESMAS'),
(511, 'Pelatihan CPITN'),
(512, 'AKT Master Class Course'),
(513, 'Pelatihan Koordinasi Kesehatan Gigi'),
(514, 'Pembinaan Drg melalui Quality Asurance'),
(515, 'General Emergency Life Support'),
(516, 'Voluntery Conseling & Testimoni'),
(517, 'pelatihan Kegawat Daruratan'),
(518, 'Konseling Klinik Sanitasi'),
(519, 'MPA - Phast'),
(520, 'Analisis Dampak Kes. Lingkungan'),
(521, 'Motivator Transmigrasi'),
(522, 'KONSELING KRR BAGI DOKTER'),
(523, 'MANAJEMEN PUSKES BIDANG PROMKES'),
(524, 'STRATEGI DOTS PROGRAM P2TBC'),
(525, 'DIKLAT PENGANTAR KERJA'),
(526, 'DIKLAT JARAK JAUH HUBIN SYAKER'),
(527, 'DIKLAT PEMANTAPAN HUBIN SYAKER'),
(528, 'Diklat Perantara Hubungan Industrial/Hubin Syaker'),
(529, 'DJJ Hubin Syaker'),
(530, 'Prajabatan Tk. III'),
(531, 'Pelatihan Pembina OR DT II Sejabar'),
(532, 'Pent. Pelaksanaan UKS & Pelatihan Pembinaan PMR'),
(533, 'Penyegaran Pent. PA Tk. Prov. Jabar'),
(534, 'Lat. Pembina Pemuda Daerah'),
(535, 'Penataran Instruktur Penat. P4 Tk. Prov.'),
(536, 'Penyebarluasan Sistem PAK Kredit Japung'),
(537, 'TOT Pembina KUD Mandiri'),
(538, 'MANAJEMEN KESEHATAN'),
(539, 'DIKLAT JURU PENERANGAN'),
(540, 'PELATIHAN FOKUS DISKUSI'),
(541, 'DIKLAT JURU PENERANGAN PJP THP II'),
(542, 'DIKLAT PEMBERDAYAAN POL PP'),
(543, 'PPSDTP/KHPA'),
(544, 'Pelatihan Manajer Kesos'),
(545, 'DIKLAT APLIKASI STRATEGI KOMUNIKASI ANTAR PESONA'),
(546, 'Jupen Binter'),
(547, 'T.U Keuangan'),
(548, 'PKPS Angkatan XXI'),
(549, 'Sertifikat Pelatihan Kader Kesehatan'),
(550, 'Seminar Nasional Hari Guru'),
(551, 'Pelatihan Guru UKS'),
(552, 'DIKLAT TEKNIS FUNGSIONAL'),
(553, 'Orientasi dan Workshop Membuat KTI/PTK'),
(554, 'Seminar Nasional Peningkatan Profesionalisme Tenaga Pendidik di Era Globalisasi'),
(555, 'Pelatihan Pengembangan KTSP'),
(556, 'Efektivitas Sertifikasi'),
(557, 'Peningkatan Profesional Guru Melalui PTK'),
(558, 'Peningkatan Profesional Pengawas Melalui PTS'),
(559, 'Kebijakan Teknis Sertifikasi Dan Portofolio'),
(560, 'Diklat PKLH'),
(561, 'Pengawas Pendidikan'),
(562, 'Diklat Calon Kepala Sekolah'),
(563, 'Pendidikan dan Pelatihan Guru MGBS/MGMP IPS'),
(564, 'Penataran MGBS/MGMP IPS'),
(565, 'Penataran Guru PSPB'),
(566, 'PERSAMI'),
(567, 'Implementasi KTSP Dina Pembelajaran Basa Jeung Sastra Sunda'),
(568, 'LKG Matematika'),
(569, 'SPKG Model-C'),
(570, 'Sekolah Dinas Luar Negeri'),
(571, 'Akademi Diplomatik'),
(572, 'mengetik'),
(573, 'penanggulangan bencana'),
(574, 'sertifikasi jabatan fungsional pekerja sosial tingkat terampil'),
(575, 'Pelatihan Peningkatan Kemampuan Pengurus Koperasi'),
(576, 'Pendidikan Lokal Pemasyarakatan Kurikulum 1994'),
(577, 'Pelatihan Peningkatan Kompetensi Guru IPS'),
(578, 'Bendahara Daerah'),
(579, 'Kompetensi KTI'),
(580, 'Peningkatan Guru SD'),
(581, 'semiloka pengawas sekolah, Kepala Sekolah'),
(582, 'Program Penyuluhan dan  Pendidikan KLL'),
(583, 'Penataran Guru PMP TK Kotamadya'),
(584, 'Penataran Single Keyboard'),
(585, 'Sistem Pembinaan Profesional Guru TK'),
(586, 'Pemantapan Kurikulum TK & Senam CC'),
(587, 'Implementasi Kurikulum 2004'),
(588, 'Strstegi Pembelajaran Matematika & Sain'),
(589, 'Pemantapan Kerja Guru Geografi'),
(590, 'Calon Instruktur IMTAQ'),
(591, 'Meningkatkan Pendidikan Agama'),
(592, 'KKG/KKS'),
(593, 'Penataran Guru Agama'),
(594, 'Workshop Sistematika'),
(595, 'KTSP dan PAKEM'),
(596, 'Pembelajaran Klasik'),
(597, 'Pengembangan Kompetensi Pedagogik'),
(598, 'Penyegaran Guru Kesenian'),
(599, 'Penataran Inovasi Kurikulum'),
(600, 'Penggunaan Alat Peraga IPA'),
(601, 'Peningkatan Kualitas Pendidikan Anak Usia Dini dan Pendidikan Dasar'),
(602, 'Solusi Pembelajaran Bagi ANak Berkebutuhan Khusus (ABK)'),
(603, 'Pendidikan dan Latihan Nasional Pembelajaran'),
(604, 'Inhouse Training'),
(605, 'Pembinaan Guru Penjas'),
(606, 'Penataran UKS'),
(607, 'Penataran instuktur SKJ'),
(608, 'Penataran Kurikulum Pendidikan'),
(609, 'pembinaan tenaga penggerak OR'),
(610, 'Pelatihan pelatih dan wasit OR'),
(611, 'Pelatihan senam Indonesia Sehat'),
(612, 'TOT pemb pemuda pb dan penilik'),
(613, 'diklat paud pus'),
(614, 'diklat paud tk pemula'),
(615, 'SPKG IPA'),
(616, 'jambore seni terpadu paud'),
(617, 'Penataran tertulis type A termodinamit'),
(618, 'Diklat sekolah binaan SMU'),
(619, 'pembelajaran sistim sentra'),
(620, 'Latihan tenaga fungsional fisika'),
(621, 'peng komp pedagogik karya ilmiah'),
(622, 'Teacher Gathering'),
(623, 'Kelompok Kerja Kepala TK'),
(624, 'diklatnas teknis pb'),
(625, 'Seminar Nasional PAUD'),
(626, 'Penataran MGBS PMP dan PSPB'),
(627, 'Mendadak Anak Melalui Aktivities'),
(628, 'Seminar Pendidikan'),
(629, 'Latihan Kerja MGBS Pen. Kesenian'),
(630, 'Penataran Instruktur Penat. P4 Siswa SLTP'),
(631, 'Penataran PPKn Tingkat SLTP'),
(632, 'Pelatihan Pengelolaan SMP Terbuka'),
(633, 'Pelatihan PTK'),
(634, 'Kegiatan Pelatihan Penyelenggaraan MGMP IPA'),
(635, 'Pendidikan dan Pelatihan Guru Kimia SMU Negeri'),
(636, 'Kegiatan Musyawarah Guru Mata Pelajaran (MGMP) Kimia'),
(637, 'In House Training Kurikulum dan Sistem Penilaian berbasis Kompetensi'),
(638, 'Hiperkes'),
(639, 'Pilot Project Pengembangan Manajerial MGMP'),
(640, 'Manajemen Puskesmas Bidang Promkes'),
(641, 'Teknis Khusus Pasang Cabut Implant'),
(642, 'ESQ'),
(643, 'INHT Kurikulim KTSP'),
(644, 'INHT KTSP'),
(645, 'Juru Penerang dan Motivasi'),
(646, 'Operator Komunikasi'),
(647, 'Penggerak Swadaya Masyarakat'),
(648, 'Calistung'),
(649, 'Instruktur Ketenagakerjaan'),
(650, 'peningkatan Mutu Pendidikan (STTPL)'),
(651, 'Penataran Pelatih Guru Olahraga Tingkat SD-SMP'),
(652, 'Penataran Pemantapan Kesadaran Hukum'),
(653, 'Pelatihan guru sekolah dasar'),
(654, 'Pelatihan guru sains tingkat SD'),
(655, 'Pelatihan guru matematika tingkat SD'),
(656, 'Penataran guru pustakawan SD'),
(657, 'Pelatihan Standarisasi Tes Prestasi'),
(658, 'Diklat Guru Pembina OSIS'),
(659, 'Diklat Simulasi P4'),
(660, 'Diklat Supervisi Administrasi Pendidikan'),
(661, 'Lokakarya PPkn'),
(662, 'Seminar dan Implementasi MBS'),
(663, 'Pelatihan WEB Design'),
(664, 'Pelatihan Komputer Aplikasi'),
(665, 'Bimtek KTSP'),
(666, 'Diklat Profesi Guru Matematika'),
(667, 'Pelatihan Guru Matematika'),
(668, 'Latihan kerja Guru'),
(669, 'Penataran calistung'),
(670, 'Sistem pembinaan profesional guru SD'),
(671, 'Peningkatan mutu profesional guru'),
(672, 'Penataran tertulis type A'),
(673, 'Penataran Pemandu Bidang Studi'),
(674, 'Program Model Pembelajaran Terpadu'),
(675, 'Pelatihan Guru Kesenian PPSN'),
(676, 'Pelatihan Komputer Microsoft dan Microsoft Exel'),
(677, 'Pengambangan Profesi Guru-Guru IV Kelompok Teknologi dan Industri'),
(678, 'Pelatihan Teknis Penilaian'),
(679, 'Pelatihan Kurikulum Berbasis Kompetensi (KBK)'),
(680, 'penyidik pns'),
(681, 'Penataran Manajemen Bisnis'),
(682, 'Pemasyarakatan Kurikulum SMK berpendekatan Broad Based and Competency Based'),
(683, 'Pelatihan Petugas Haji Indonesia'),
(684, 'Asuhan Persalinan Normal'),
(685, 'TOT Manajemen Pendidikan'),
(686, 'Peningkatan Mawil Profesional'),
(687, 'Pengawas Fungsional'),
(688, 'Penataran Membaca Menulis Berht'),
(689, 'Pelatihan Implementasi Pemb. Tematik bagi Kepala Sekolah/ Guru SD Tk. Jabar'),
(690, 'Kegiatan Musyawarah Guru Mata Pelajaran (MGMP) B. Indonesia'),
(691, 'pengelolaan diklat'),
(692, 'Pengelola Obat'),
(693, 'MTBU'),
(694, 'LKGI Semester Gasal'),
(695, 'LKGI Semester Genap'),
(696, 'Sertifikasi Peningkatan Kompetensi Guru dalam Proses Pembelajaran'),
(697, 'Pendidikan dan latihan dasar program KB-Kesehatan'),
(698, 'Pendidikan dan latihan dasar khusus UPGK'),
(699, 'Pelatihan BKB'),
(700, 'Pelatihan orientasi oprasionalisasi GPKS'),
(701, 'pelatihan komunikasi interpersonal'),
(702, 'Pembinaan KBU'),
(703, 'Bagi Dokter Gigi di Puskesmas'),
(704, 'Pengujian Kendaraan Bermotor'),
(705, 'Pengembangan dan Pembinaan PKMD Perkotaan'),
(706, 'Pengambilan Sampel Air Bagi Sanitarian Puskesmas'),
(707, 'Komputer dan Telematika'),
(708, 'Penataran P4 Tipe C'),
(709, 'Orientasi Program KB'),
(710, 'LDU BKKBN bagi Ajun PKB Madya'),
(711, 'Latihan Dasar PLKB Sarjana'),
(712, 'Pelatihan Konseling MKET'),
(713, 'Oretologi Analisa Penelitian'),
(714, 'Akuisi Nasional'),
(715, 'Pelatihan TB Paru'),
(716, 'Penyehatan Air'),
(717, 'Pelatihan TOT Petugas Pengawas Pestisuda Kabupaten'),
(718, 'Pelatihan TOT Petugas Pengawas Pestisida Kabupaten'),
(719, 'Pelatihan PSK Pendamping IDT/Non IDT'),
(720, 'Pelatihan Peningkatan Kemampuan Pendampingan PSK IDT'),
(721, 'Sanitarian PKM Bidang KIE'),
(722, 'akreditor pratama'),
(723, 'PDRB'),
(724, 'Pelatihan KIPKA'),
(725, 'Dasar Ysaha Perbaikan Gizi Keluarga'),
(726, 'Diklat fungsional tenaga ahli'),
(727, 'Pelatihan Orientasi dan Refreshing'),
(728, 'STTPL B.Inggris SLTP Swasta'),
(729, 'STTPL Kurikulum 2004'),
(730, 'STTPL Kurikulum B.Inggris 2004'),
(731, 'Workshop Manajemen Mutu UNAS 2008'),
(732, 'Workshop Pengembangan KUR KTSP'),
(733, 'manajemen pemt. kelurahan'),
(734, 'Bimbingan Teknis KTSP SMP Kota Bandung'),
(735, 'SCHOOL BASED MANAGEMENT'),
(736, 'PELATIHAN PENGELOLA PERPUSTAKAAN'),
(737, 'IHT PELAKSANAAN KTSP'),
(738, 'PENATARAN TERTLUSIS  TIPE A'),
(739, 'PRAKTEK KERJA NYATA'),
(740, 'PELATIHAN GURU SLTP'),
(741, 'PPPP KEMAMPUAN GURU'),
(742, 'SEMINAR NASIONAL EFEKTIFITAS SERTIFIKASI'),
(743, 'PENYULUHAN GURU B.INDONESIA'),
(744, 'TRAINING INTERNET SE-DRIVE III'),
(745, 'SEMINAR PENDIDIKAN INTERNASIONAL DLM. MENUNJANG PROGRAM SERTIFIKASI GURU'),
(746, 'PELATIHAN TERINTEGRASI BERBASIS KOMPETENSI'),
(747, 'IHT PENINGKATAN KWALITASPEMBELAJARAN DENGAN PENDEKATAN PALKEM'),
(748, 'WORKSHOP KTSP B.INDONESIA'),
(749, 'SEMINAR NASIONAL MENINGKATKAN MUTU PEND. MELALUI PEMAHAMAN PERMEN DIKNAS TENTANG STANDAR PROSES DAN PENILAIAN PENDIDIKAN'),
(750, 'WORKSHOP PENINGKATAN KOMP.GURU'),
(751, 'IHT INFORMATION TECHNOLOGY (IT)'),
(752, 'WORKSHOP LESSON STUDY'),
(753, 'manajemen keperawatan'),
(754, 'manajemen of training'),
(755, 'MPKP'),
(756, 'Pelatihan Barang/Jasa'),
(757, 'SMINAR BP/BK DAN MUSYAWARAH APBI'),
(758, 'SMINAR BP/BK DAN MUSYAWARAH IPBI'),
(759, 'PENDIDIKAN DAN LATIHAN PENINGKATAN KEMAMPUAN GURU'),
(760, 'DIKLAT IMPLEMENTASI KURIKULUM  2004 DALAM PELAYANAN BK'),
(761, 'IHT METODE CTL DAN PERUMUSAN SKBM'),
(762, 'SMILOKA  KURIKULUM (KTSP) SMP SE BANDUNG BARAT 03'),
(763, 'ESQ LEADERSHIP TRAINING'),
(764, 'DIKLAT KOMPETENSI KARYA TULIS ILMIA GURU SLTP'),
(765, 'PELATIHAN KESEHATAN MENTAL'),
(766, 'PELATIHAN PENGEMBANGAN PROGRAM BK'),
(767, 'MENGENAL KEPRIBADIAN ANAK BERDASARKAN GOLONGAN DARAH'),
(768, 'PENELITIAN TINDAKAN KERAS'),
(769, 'SEMINAR NASIONAL BAGI GURU'),
(770, 'PROFESIONALITAS GURU DALAM KUALITAS BAGI BANGSA INDONESIA'),
(771, 'DIKLAT Profesi Guru Nasional'),
(772, 'Diklatnas PTK'),
(773, 'DIKLAT Profesionalisme Guru'),
(774, 'MEMBANGUN ETOS KERJA'),
(775, 'Pelatihan SAR Air'),
(776, 'QUALITY ASSURANCE'),
(777, 'Pembimbing Lomba Futsal SD'),
(778, 'BANTUAN HIDUP DASAR II'),
(779, 'BALAI DIKLAT KBN JABAR'),
(780, 'LOKA DIKLAT KBN CIREBON'),
(781, 'Penataran Kurk Pend Dasar SD'),
(782, 'Pend Inklusif yang Optimal'),
(783, 'Seminar Pendidikan Provinsi Jabar'),
(784, 'Seminar TK Nasional'),
(785, 'Workshop Matisan SBN SD'),
(786, 'LKG/SANGGAR PKG'),
(787, 'PELATIHAN IMPLEMENTASI KUR 2004'),
(788, 'PELATIHAN KOMPUTER MICROSOFT WORD DAN MICROSOFT EXCEL'),
(789, 'PELATIHAN KOMPUTER MS. WORD DAN POWER POINT'),
(790, 'Workshop Implementasi  SSN'),
(791, 'PENYUSUNAN CONTOH MODEL PENGEMBANGAN SILABUS SMA'),
(792, 'PELATIHAN KOMPUTER INTERNET DAN MS. EXCEL'),
(793, 'PENILAIAN BUKU TEKS PELAJARAN'),
(794, 'PELATIHAN PEMBUATAN BLOG DAN JARINGAN INTERNET'),
(795, 'IHT PEMBINAAN TEKNIS KUR KTSP'),
(796, 'PENGEMBANGAN DAN PEMBINAAN MGMP KIMIA'),
(797, 'PENDIDIKAN DAN PELATIHAN PTK'),
(798, 'Praktek PTK'),
(799, 'Perpajakan TK Nasional Dana BOS'),
(800, 'Pendidikan Dan Pelatihan'),
(801, 'Pemasyarakatan Materi Mulok'),
(802, 'Master Of Ceremony'),
(803, 'Pelatihan Peningkatan Kom.Pedagogik'),
(804, 'Pengelolaan Laboratorium IPA'),
(805, 'Profesi Guru dan Dosen Tingkat Nasional'),
(806, 'Peningkatan Kompetensi dan Profesional'),
(807, 'SOSIALISAI KBK PELATIHAN KBK'),
(808, 'PELATIHAN SEPAK TAKRAW'),
(809, 'PENATAAN BAHASA JENG SASTRA SUNDA'),
(810, 'KMD'),
(811, 'Instruktur SKJ Usia SD'),
(812, 'Kader Penggerak Diklus se PORA'),
(813, 'Inservice Training KBK BOMM'),
(814, 'Latihan Organisasi Operasional GBKS'),
(815, 'Pelatihan Penanganan Penderita Gawat Darurat Bagi Tenaga Perawat Basic II'),
(816, 'Sosialisasi KTSP'),
(817, 'PMG Matematika'),
(818, 'pelatihan program (PPGM) I'),
(819, 'TK Komputer Dan Jaringan'),
(820, 'IHT TRAINING KURIKULUM'),
(821, 'PERTEMUAN MGMP'),
(822, 'BINTEK KTBP'),
(823, 'BINTEK KTSP'),
(824, 'DIKLAT PEMBUATAN BAHAN AJAR'),
(825, 'Ceramah Keagamaan'),
(826, 'Seminar Bahasa Indonesia'),
(827, 'Seminar Loka Karya Panel Bhs.Indonesia'),
(828, 'Bina Sarjana Muslim'),
(829, 'DIK BUDI PEKERTI WAHANA SEK'),
(830, 'ESQ LEADERSHIP CENTRE'),
(831, 'Pengenalan Lingkungan Sekolah'),
(832, 'FPBS UPI'),
(833, 'DIKLATINAS'),
(834, 'DIK PELATNAS PENGKUR LOKAL'),
(835, 'Diklat KTI/PTK'),
(836, 'Seminar Internasional'),
(837, 'Kursus Bendaharawan Daerah'),
(838, 'Pelatihan Asuhan Keperawatan Klien dgn Gangguan Pemenuhan Kebutuhan Cairan'),
(839, 'Pelatihan Pencegahan Infeksi'),
(840, 'Pelatihan Clinical Intrstructure (CI)'),
(841, 'Manajemen Rekam Medik'),
(842, 'Manajemen Pemulasaraan Jenazah'),
(843, 'Pelatihan Penanganan Penderita Gawat Darurat (Emergency Nursing) Basic II'),
(844, 'Pendokumentasian Asuhan Keperawatan Berdasarkan NIC-NOC'),
(845, 'Peran dan Sinergitas Komite Keperawatan Dalam Mendukung Pencitraan RS'),
(846, 'MENINGKATKAN PEMAHAMAN KEMAMPUAN DAN KETERAMPILAN GURU DALAM MENDIDIK ANAK-ANAK USIA DINI'),
(847, 'SOSIALISASI PELATIHAN KBK'),
(848, 'Pendidikan Penyidik Perlindungan Konsumen'),
(849, 'Pelatihan Program Keterampilan'),
(850, 'Pelatihan Teknis RPPKP SLTP'),
(851, 'Pelatihan IHT KTSP'),
(852, 'Pelatihan Metode CTL Dan SKBM'),
(853, 'Pelatihan Guru Keterampilan'),
(854, 'PELATIHAN INTODUKSI IPTEK NUKLIR'),
(855, 'PELATIHAN INTRODUKSI IPTEK NUKLIR'),
(856, 'SOSIALISASI BID. POS & TEL SE-JAWA BARAT'),
(857, 'PEMBUATAN BAHAN AJAR'),
(858, 'PEMBELAJARAN AKTIF, KREATIF, EFEKTIF, DAN MENYENANGKAN'),
(859, 'PELATIHAN GURU SMA BID. FISIKA'),
(860, 'PENGEMBANGAN SUMBER DAYA MANUSIA DLM PEMB. BERBASIS TEK. INFORMASI & KOM'),
(861, 'PELATIHAN PEMBELAJARAN METODA PARTISI PATIF GURU-GURU SMA SE-KOTA BDG'),
(862, 'TRAINING SQL PEDULI PEND. BDG ANG. 2015'),
(863, 'WS. BEDAH SKL UN & PEMBUATAN PRA UN'),
(864, 'PELATIHAN PEMBANGKIT LISTRIK TENAGA NUKLIR'),
(865, 'PEMASYARAKATAN KURIKULUM BARU 1994'),
(866, 'WORKSHOP MANAJEMEN PENINGKATAN MUTU SMP SNN DAN SMP CTL'),
(867, 'WORKSHOP PEMANTAPAN PEMBELAJARAN CTL KTSP SMP SNN DAN SMP CTL'),
(868, 'WORKSHOP MANAJEMEN PENINGKATAN MUTU SUKSES UN 2008'),
(869, 'IHT PENINGKATAN PROFESIONAL GURU'),
(870, 'Pelatihan Tiknas Bagi Pet. SurveiLans'),
(871, 'Pelatihan Tiknas Manajemen & Epid Malaria'),
(872, 'PENIGKATAN PROSES DAN HASIL PEMBELAJARAN'),
(873, 'SOSIALISASI PELATIHAN KBK SD/MI'),
(874, 'SOSIALISASI UUD GURU DAN DOSEN'),
(875, 'RAKERNAS II SSC'),
(876, 'PELATIHAN GURU SMA BID. KIMIA'),
(877, 'LOKAKARYA BAGI GURU KIMIA SE-BANDUNG'),
(878, 'IHT'),
(879, 'SPKG IPA PUTARAN 17'),
(880, 'SPKG IPA PUTARAN 18'),
(881, 'Program Penataran Tertulis Tipe A'),
(882, 'Software Aplikasi'),
(883, 'PTBK Sejarah'),
(884, 'Kompetensi Tenaga Pendidik'),
(885, 'Workshop'),
(886, 'MODEL PEMBELAJARAN IPS'),
(887, 'PENDIDIKAN NASIONAL'),
(888, 'PENATARAN PENGENALAN KURIKULUM SD'),
(889, 'PENETARAN PENGENALAN KUR SD(CBSA)'),
(890, 'PENATARAN PEMANTAPAN KADARKUM'),
(891, 'PEMBINAAN GPAI'),
(892, 'PENATARAN PWKGAI'),
(893, 'KURIKULIM PENDIDIKAN DASAR'),
(894, 'PESERTA PADUAN SUARA KOPRI'),
(895, 'METO UBAT'),
(896, 'PENATARAN GPAI'),
(897, 'PELATIHAN KBK'),
(898, 'PEMBUATAN SILABUS DAN RPP'),
(899, 'DIKLAT PROFESI GURU'),
(900, 'SEMINAR TINGKAT PROF (ABK)'),
(901, 'DIKLAT KOMPETENSI KEPRIBADIAN'),
(902, 'DIKLAT PENDIDIKAN NASIONAL'),
(903, 'DIKLAT NASIONAL'),
(904, 'SEMINAR NASIONAL (JANMATIKA)'),
(905, '(BPMPSM) NASIONAL'),
(906, 'SEMINAR PROVINSI JAWA BARAT'),
(907, 'SEMINAR'),
(908, 'SEMINAR SEHARI'),
(909, 'PENINGKATAN PROFESIONALISME GURU SD'),
(910, 'PELATIHAN KOMPUTER INTERNET'),
(911, 'In House Training KTSP'),
(912, 'Workshop Lesson Study Sejarah'),
(913, 'Wakil Kepala Sekolah'),
(914, 'Penelitian Tindakan Kelas'),
(915, 'Kolosal Magic Memory'),
(916, 'KYD DAN CBSA'),
(917, 'PEMANTAPAN KESADARAN HUKUM'),
(918, 'PBM DAN PEMBINAAN PROFESIONAL GURU KELAS V'),
(919, 'DIKLAT PRAJABATAN'),
(920, 'Refreshing PKLB'),
(921, 'Pelatih SKJ 96'),
(922, 'DIKLAT AKUSISI NASIONAL ARSIP ORBA'),
(923, 'Pembinaan Osis'),
(924, 'Guru BP Sejabar'),
(925, 'Pelatihan SKJ Dan SSBB'),
(926, 'Pengelolaan Program Kbn'),
(927, 'Pelatihan BP 7'),
(928, 'Seminar Diabetus Melitus'),
(929, 'Pelatihan TPPKK KEC'),
(930, 'Pelatihan PTKAUD'),
(931, 'workshop KTSD'),
(932, 'Seminar Peningkatan Akses'),
(933, 'seminar PTK'),
(934, 'Penataran KADARKUM'),
(935, 'Penataran  Senam 88'),
(936, 'Peserta Kec. OR TK Kodya'),
(937, 'Peserta KMB Pramuka'),
(938, 'Peserta P4D'),
(939, 'Peserta Penataran SKJ 92'),
(940, 'Peserta Penataran SKJ 97'),
(941, 'Peserta Mulok Pencak Silat'),
(942, 'Peserta Penataran  SKJ 96'),
(943, 'Pelatihan Pengembangan Kualitas Guru'),
(944, 'Peningkatan Manajemen Profesional Guru'),
(945, 'SPKG'),
(946, 'SEMINAR MATEMATIKA BAGI GURU SMU SE BANDUNG'),
(947, 'DIKLAT GURU SMU MATA PELAJARAN MATEMATIKA'),
(948, 'PEMBINAAN GURU PAI'),
(949, 'PESANTREN KILAT'),
(950, 'PEMBUATAN SILABUS,RPP PAI'),
(951, 'PENDIDIKAN PELATIHAN MODEL PENGEMBANGAN TEMATIK'),
(952, 'SAPTA LOMBA PAI'),
(953, 'PENGEMBNGAN KOMPETENSI KEPERIBADIAN GURU'),
(954, 'LOKAKARYA / IHTDAN IMPLEMENTASI KTSP'),
(955, 'UPAYA MENINGKATKAN MUTU PAD'),
(956, 'Bintek Enchancing Municipal Service Delivery Capability'),
(957, 'STTPL MGMP'),
(958, 'STTPL MGMP SEJARAH'),
(959, 'PPG SD MATA PELAJARAN IPS'),
(960, 'PEMBINAAN PROGRAM KKL'),
(961, 'PELATIHAN'),
(962, 'MULTIPLE INTELGENCE FOR ISLAMIC TEACHING 2009'),
(963, 'SEMINAR BAGIMU GURU'),
(964, 'PENULISAN ARTIKEL TINGKAT NASIONAL BAGI PARA PEMBINA PRAMUKA'),
(965, 'DOSEN LUAR BIASA PPG'),
(966, 'HOW TO BECOME THE BEST AND CARING TEACHER'),
(967, 'SEMINAR PENDIDIKAN NASIONAL'),
(968, 'PENGEMBANGAN MGMP'),
(969, 'PELATIHAN PROYEK PEN PENDAS'),
(970, 'PENATARAN IPA'),
(971, 'PENATARAN MULOK B INGGRIS'),
(972, 'PENATARAN GURU OLAH RAGA'),
(973, 'LOKAKARYA PEMB MATEMATIKA'),
(974, 'PENATARAN PENDIDIKAN DASAR'),
(975, 'PENATARAN BEP'),
(976, 'PELATIHAN INSTRUKTUR TK GUGUS'),
(977, 'PELATIHAN LESSON STUDY'),
(978, 'INTERNASIONAL TRAINING'),
(979, '[ELATIHAN UAS BN'),
(980, 'Pelatihan Praktikum Berbasis Komputer'),
(981, 'PETALIHAN GURU MATEMATIKA'),
(982, 'PELATIHAN UAS BN'),
(983, 'PELATIHAN IPA'),
(984, 'PELATIHAN ORIENTASI OPS. GPKS'),
(985, 'KML'),
(986, 'Pel. Labor Sepak Bola'),
(987, 'Pel. jantung sehat'),
(988, 'Sosialisasi Model Pemebelajaran Penjas'),
(989, 'Sosialisasi UU No.14 Tahun 2005 Tentang Guru Dan Dosen'),
(990, 'Pelatihan Club OR Usia Dini'),
(991, 'LAT Prajab Tingkat II'),
(992, 'LTU'),
(993, 'LDU'),
(994, 'Farmasi Klinik Peningkatan Pengetahuan Dan Informasi'),
(995, 'Sistem Informasi Obat bagi Pengelola Farmasi'),
(996, 'V'),
(997, 'ORIENTASI PROG. STUDY & PENG. KAMPUS'),
(998, 'STTPL : LKG/PKG'),
(999, 'STTPL : SISTEM PENGUJIAN B. ING'),
(1000, 'STTPL : PERLUASAN & PENINGKATAN MUTU SLTP'),
(1001, 'STTPL : IHT IT'),
(1002, 'MODEL PEMB. PENINGKATAN PROF. GURU'),
(1003, 'STTPL : LESSON STUDY'),
(1004, 'DIKLAT PENINGKATAN PROPESIONALISME GURU SD /MI'),
(1005, 'SOSIALISASI IMPLEMINTASI KURIKULUM BERBASIS KOMPETENSI'),
(1006, 'DIKLAT PENEGEMBANGAN KURIKULUM TK PROVINSI JAWA BARAT'),
(1007, 'RAKER TEKNIS PENYUSUNAN PROGRAM PEMBELAJARAN'),
(1008, 'KULIAH UMUM DAN WORKSHOP PENDIDIKAN LINGKUNGAN HIDUP'),
(1009, 'DIKLAT PENELITIAN TINDAKAN KELAS TK NASIONAL'),
(1010, 'HOUSE TRAINING TINGKAT GUGUS 19 ANTAPANI'),
(1011, 'Manajerial KKG'),
(1012, 'PTK dan Lesson Study'),
(1013, 'Pelatihan Informatika'),
(1014, 'Pelatihan PLH'),
(1015, 'Kolaborasi Pembelajaran IMTR'),
(1016, 'Workshop Peduli LIM BK'),
(1017, 'Metoda Pengukuran Bobot Soal'),
(1018, 'Penataran Kesadaran Hukum'),
(1019, 'PROSES PEMBELAJARAN GURU'),
(1020, 'PENINGKATAN MUTU GURU MAPEL'),
(1021, 'Diklat PTK'),
(1022, 'PENDIDIKAN MATEMATIKA'),
(1023, 'PENDIDIKAN BAHASA INGGRIS'),
(1024, 'Penataran Peningkatan Mutu'),
(1025, 'PROGRAM PENATARAN TERTULIS A'),
(1026, 'PELATIHAN PENELITIAN TINDAKAN KERAS'),
(1027, 'PELATIHAN KOMPUTER DAN MEDIA PEMBELAJRAN BERBASIS ICT'),
(1028, 'DIKLAT SERITIFIKASI GURU DAN JABATAN'),
(1029, 'PELATIHAN PENELITIAN TINDAKAN KELAS'),
(1030, 'PENINGKATAN PROFESIONALISME GURU (IHT)'),
(1031, 'RAKER GURU KTK BOTA BANDUNG'),
(1032, 'PELATIHAN SOFTWARE APLIKASI'),
(1033, 'MENUJU SEKOLAH KATEGORI ME LALUI PENGEMBANGAN KTSP'),
(1034, 'IN HOUSE TRAINING BIMBINGAN DA KONSELING'),
(1035, 'Peningkatan Mutu Guru Melalui KKG'),
(1036, 'Seminar Pelatihan UASBN 2010'),
(1037, 'DIALOAG INTERAKTIF'),
(1038, 'PELATIHAN GURU SAINS TK SD'),
(1039, 'SOCYOLOGI SKBJECR CONTENT'),
(1040, 'PEL METODE PEMBELAJARAN'),
(1041, 'KBK DAN MBS'),
(1042, 'PENYULUHAN BAHASA INDONESIA'),
(1043, 'Pelatihan Keamanan  Pagar Bagi Para Guru SD/SMP/MTS'),
(1044, 'PAI DALAM ERA OTDA'),
(1045, 'KURIKULIM PAI SD'),
(1046, 'SUSPIM PKL'),
(1047, 'Diklat P2UPD Ahli'),
(1048, 'Pengamat Tera Ahli'),
(1049, 'Pengamat Tera Terampil'),
(1050, 'Kemetrologian'),
(1051, 'Diklat Penera Ahli'),
(1052, 'Diklat teknis pelayanan publik bagi aparatur kewilayahan'),
(1053, 'Diklat Administrator Kesehatan');

-- --------------------------------------------------------

--
-- Table structure for table `master_diklat_struktural`
--

CREATE TABLE `master_diklat_struktural` (
  `id` int(11) NOT NULL,
  `nama` varchar(255) DEFAULT NULL
) ENGINE=InnoDB DEFAULT CHARSET=latin1;

--
-- Dumping data for table `master_diklat_struktural`
--

INSERT INTO `master_diklat_struktural` (`id`, `nama`) VALUES
(1, 'DIKLATPIM TK.IV'),
(2, 'SEPADA'),
(3, 'ADUM'),
(4, 'SEPALA'),
(5, 'ADUMLA'),
(6, 'DIKLATPIM TK.IV'),
(7, 'DIKLATPIM TK.III'),
(8, 'SEPADYA'),
(9, 'SPAMA'),
(10, 'DIKLATPIM TK.III'),
(11, 'DIKLATPIM TK.II'),
(12, 'SPAMEN'),
(13, 'SESPA'),
(14, 'DIKLATPIM TK.II'),
(15, 'DIKLATPIM TK.I'),
(16, 'SPATI'),
(17, 'SESPANAS'),
(18, 'DIKLATPIM TK.I'),
(19, 'SEPADA');

-- --------------------------------------------------------

--
-- Table structure for table `master_diklat_teknis`
--

CREATE TABLE `master_diklat_teknis` (
  `id` int(11) NOT NULL,
  `nama` varchar(255) DEFAULT NULL
) ENGINE=InnoDB DEFAULT CHARSET=latin1;

--
-- Dumping data for table `master_diklat_teknis`
--

INSERT INTO `master_diklat_teknis` (`id`, `nama`) VALUES
(1, 'Teknisi Komputer'),
(2, 'Teknisi Jaringan'),
(3, 'Teknisi Mesin Ketik'),
(4, 'Perbengkelan'),
(5, 'Server'),
(6, 'Teknisi Kulkas'),
(7, 'Mengajar'),
(8, 'Surveyor'),
(9, 'Teknis Mengajar'),
(10, 'Berkomunikasi'),
(11, 'Jasa Konsultasi'),
(12, 'Teknis Kekebalan'),
(13, 'Teknis Kekebalan Senjata Tajam'),
(14, 'Kebidanan'),
(15, 'Keperawatan'),
(16, 'Pemberantasan Korupsi'),
(17, 'Pemberantasan Kejahatan'),
(18, 'Teknis Persilatan'),
(19, 'Bangunan'),
(20, 'Pertukangan'),
(21, 'Perkantoran'),
(22, 'Sosial'),
(23, 'Teknis Komunikasi Public'),
(24, 'Teknis Keamanan'),
(25, 'Memasak'),
(26, 'Koki'),
(27, 'Mencuci'),
(28, 'Anggaran Kinerja'),
(29, 'Pengelola Barang Milik Daerah'),
(30, 'Pengelola Perpustakaan'),
(31, 'Open Source'),
(32, 'Aplikasi Pengelolaan Arsip Dinamis dan Statis'),
(33, 'Akuisisi Kearsipan'),
(34, 'Penyusunan Rancangan Pedoman JRA'),
(35, 'Jaringan Informasi Kearsipan Nasional'),
(36, 'Pengelolaan Arsip Bagi Pengelola Kearsipan'),
(37, 'Pengadaan Barang dan Jasa Pemerintah'),
(38, 'Pelatihan Kepala Desa'),
(39, 'Kesadaran Bela Negara'),
(40, 'Santiaji'),
(41, 'P4 Terpadu'),
(42, 'Santiaji Politik'),
(43, 'Bendaharawan Daerah'),
(44, 'Komputer Jaringan'),
(45, 'Manajemen Organisasi Kediklatan'),
(46, 'DIKLAT KOMPUTER'),
(47, 'BIMTEK PELAYANAN PEGAWAI FRONT OFFICE'),
(48, 'BIMTEK KEPROTOKOLAN'),
(49, 'DIP II/PKB'),
(50, 'Analisis Jabatan'),
(51, 'Diklat Perlengkapan Jalan'),
(52, 'Analisis Kebutuhan Diklat'),
(53, 'Public Relations'),
(54, 'Manajemen Pelayanan Prima'),
(55, 'Administrasi Kepegawaian'),
(56, 'Komputer Dasar'),
(57, 'Komputer Program'),
(58, 'Pengelola Keuangan Daerah'),
(59, 'Adopsi Metode Citizen Report Card'),
(60, 'Teknis ABK'),
(61, 'Manajemen Proyek'),
(62, 'sertifikasi Komputer'),
(63, 'PENINGKATAN SDM'),
(64, 'PETUGAS PENDAPATAN DAERAH'),
(65, 'AUDIT TAHAP III'),
(66, 'PENINGKATAN KEMAMPUAN PELAYANAN KOTA'),
(67, 'Diklat Teknis Khusus Manajemen Audit'),
(68, 'Diklat KB Nasional'),
(69, 'Refreshing Pemantapan Operasional Lini'),
(70, 'Pengoperasian Program SIDUGA bagi Operator Kabupaten'),
(71, 'Pengelolaan Gerakan KB Nasional'),
(72, 'Dasar Program KB'),
(73, 'Hankamnas'),
(74, 'Fundamental Course'),
(75, 'Maintenance Instructor Kendaraan Bermotor'),
(76, 'LP2TES'),
(77, 'PMT'),
(78, 'AMDAL'),
(79, 'PMT-AS'),
(80, 'Pengelolaan Limbah Padat'),
(81, 'Pengembangan & Pendidikan Kependudukan'),
(82, 'Penilaian AMDAL'),
(83, 'Pengelolaan B3 & Limbah B3'),
(84, 'Pengelolaan Perpustakaan'),
(85, 'Pengembangan Pemukiman Perkotaan'),
(86, 'Analisis Manajemen Modul II'),
(87, 'Analisis Kebijaksanaan'),
(88, 'AIC'),
(89, 'Otonomi Daerah'),
(90, 'Pengawasan Melekat'),
(91, 'Manajemen Pengelolaan Persampahan'),
(92, 'BOT BPLH'),
(93, 'Pengelolaan Keuangan Daerah'),
(94, 'Peraturan Daerah'),
(95, 'Pendidikan Dasar Hukum'),
(96, 'Sistem ADR dalam Penyelesaian Kasus Lingkungan'),
(97, 'Penyusunan Legal Memorandum Kasus Lingkungan'),
(98, 'Seminar UKL/UPL'),
(99, 'Manajemen Qolbu'),
(100, 'Pencemaran Udara'),
(101, 'Bimtek Administrasi dan Manajemen PNS'),
(102, 'Pengelolaan Air Bawah Tanah'),
(103, 'AMDAL A'),
(104, 'AMDAL C'),
(105, 'Budi Daya Teh'),
(106, 'Penatausahaan dan Penyusunan Laporan Keuangan'),
(107, 'Anggaran Kinerja Pinlak'),
(108, 'Introduction And Understanding'),
(109, 'Internal Audit'),
(110, 'Training Program Komputer'),
(111, 'Training Pemantauan Kualitas Udara'),
(112, 'Pengelolaan Kualitas Air dan Pengendalian Pencemaran Air'),
(113, 'Manajemen Pengelolaan Arsip'),
(114, 'KPP PUSDOKINFO'),
(115, 'Penyusunan Angka Kredit PSTK'),
(116, 'Orientasi MPP'),
(117, 'Pelatihan Nasional Kearsipan'),
(118, 'Pelatihan Internet'),
(119, 'Orientasi Minat Baca'),
(120, 'SEAPAVAA'),
(121, 'Diklatsar Linmas'),
(122, 'Training Pola dan Budaya Kerja Prima Karyawan Pemkot'),
(123, 'ESQ Leadership Training'),
(124, 'Implementasi Peraturan Perundang-Undangan Bidang Kepegawaian'),
(125, 'Akuntabilitas Kinerja Instansi Pemerintah (AKIP-LAKIP)'),
(126, 'Optimalisasi Tupoksi Dinas Pendapatan Daerah dan Badan Perencanaan Daerah Dalam Upaya Pencapaian Visi dan Misi Pemerintah Kabupaten Kota'),
(127, 'Peningkatan & Pemantapan Mekanisme Penyelesaian Sengketa Hukum Tahun 1997/1998'),
(128, 'Persiapan Penyusunan APBD Tahun 2008'),
(129, 'Manual Kapasitas Jalan Indonesia'),
(130, 'MANAJEMEN PEMERINTAHAN'),
(131, 'IMPLEMENTASI PERATURAN BIDANG KEPEGAWAIAN'),
(132, 'APPRECIATION INFLUENCE CONTROL'),
(133, 'Teknik Dan Manejemen'),
(134, 'Bimtek Penyusunan Produk'),
(135, 'Workshop Akuntabilitas'),
(136, 'Pelatihan Participatori Research'),
(137, 'Diklat Teknik Ang. Kinerja'),
(138, 'Penyusunan Laporan Akuntabilitas'),
(139, 'Bimtek Membangun Motivasi'),
(140, 'Pelatihan Pertahanan Keamanan Negara'),
(141, 'Bimbingan Teknis Administrasi'),
(142, 'Bimbingan Teknis Kepemimpinan'),
(143, 'Pendidikan dan Pelatihan Camat'),
(144, 'Bimbingan Teknis Pengadaan Barang dan Jasa'),
(145, 'English For Academic Purpose Course'),
(146, 'PI Tertulis Angkatan III'),
(147, 'Keterampilan Komputer'),
(148, 'Pengadaan Proyek Wajar'),
(149, 'Ujian Dinas Tk II'),
(150, 'Diklat Manajemen Proyek'),
(151, 'Manajemen Sarana Diklat'),
(152, 'MOT Bagi Pengelola Diklat'),
(153, 'Kursus Manajemen Proyek'),
(154, 'Diklat Analisis Jabatan'),
(155, 'Analisis Manajemen Pemerintahan'),
(156, 'Dinamika Organisasi'),
(157, 'Teknis Anggaran Kinerja'),
(158, 'Penyusunan Formasi Jabatan'),
(159, 'Teknis Proses Peny. Pelanggaran Disiplin Pegawai'),
(160, 'Pembinaan Karir'),
(161, 'Pemantapan Petugas Sosial Kecamatan'),
(162, 'Tata Naskah Dinas'),
(163, 'Pelatihan PJM Pedesaan'),
(164, 'Pelatihan Aparat Pengelola Lingkungan Hidup'),
(165, 'Identifikasi Kawasan Kumuh'),
(166, 'Ujian Nasional Barang Jasa'),
(167, 'Ujian Sertifikasi Barang Jasa'),
(168, 'International Management Training'),
(169, 'Advanced Professional Training Urban Industrial Environmental Management'),
(170, 'Diklat Teknis Ke-PLP-On'),
(171, 'Lingkup Tupoksi DPU'),
(172, 'Akuntansi Pemerintahan'),
(173, 'P4 Pola Pendukung 25 Jam'),
(174, 'Produk Domestik Regional Bruto (PDRB)'),
(175, 'Penelitian Kebijakan Pendidikan dan Kebudayaan'),
(176, 'Sistem Informasi Geografis'),
(177, 'Pendidikan Perencanaan Nasional'),
(178, 'ToT Diklat Pengembangan Ekonomi dan Usaha Daerah'),
(179, 'Evaluasi Kinerja Proyek Pembangunan'),
(180, 'Evaluator AMDAL'),
(181, 'Penyusun AMDAL'),
(182, 'Dasar AMDAL'),
(183, 'Market Based Instrument Of Environmental Projection'),
(184, 'Tata Ruang'),
(185, 'Pelatihan dan Konsultasi Penyusunan RIPDA'),
(186, 'Penerapan Gugus Kendali Mutu (GKM) pada industri kecil persepatuan'),
(187, 'Pelatihan Konselor Remaja Tk. Provinsi'),
(188, 'TOT Achievement Motivation Training (AMT)'),
(189, 'Pelatihan Kader Pem. Desa Tk. Kotamadya DTK II Bandung'),
(190, 'Perencanaan Wilkom Bagi Aparat Perencana'),
(191, 'Pengelolaan Sistem Transportasi Perkotaan'),
(192, 'Kemitraan Otonomi Daerah'),
(193, 'Monitoring, Evaluasi Program dan Kegiatan Pembangunan'),
(194, 'AHP dan ANP'),
(195, 'Perencanaan Pembangunan Daerah'),
(196, 'Penyusunan Anggaran Kinerja'),
(197, 'Sosialisasi Peraturan Pelaksanaan UU Keuangan Negara'),
(198, 'Seminar SPM'),
(199, 'Bintek Penyusunan Rencana Kerja dan Anggaran Pemda'),
(200, 'Bintek Permendagri 13 Tentang Pedoman Pengelolaan Keuangan Daerah'),
(201, 'Pelatihan Juru Ukur Dasar'),
(202, 'Bintek Investasi Strategis Melalui Kerjasama Pemerintah dan Swasta Dalam Mendorong Pembangunan Daerah'),
(203, 'Manajemen Perkantoran'),
(204, 'Motivasi Berprestasi'),
(205, 'Kepemimpinan dan Manajemen'),
(206, 'Teknis Kuasa Hukum'),
(207, 'Konsultan Hukum'),
(208, 'LATIHAN DASAR PLKB'),
(209, 'LATIHAN DASAR UPGK'),
(210, 'Penatausahaan dan Sistem Akuntansi Keuangan Daerah'),
(211, 'Manajemen Kepariwisataan'),
(212, 'Kewidyaiswaraan'),
(213, 'Spesialisasi Perencanaan Pariwisata'),
(214, 'Rencana Induk Pengembangan Pariwisata Daerah'),
(215, 'Pelestarian Cagar Budaya'),
(216, 'Analisis Proyek Transportasi'),
(217, 'Perencanaan Pengembangan Sumberdaya Manusia'),
(218, 'Legislative Drafting'),
(219, 'Regional Policy Seminar on Transport and Communication Challanges'),
(220, 'Penyusunan Rencana Induk Sistem Proteksi Kebakaran Kota'),
(221, 'Bimbingan Teknis Leadership Bagi Pimpinan di Rumah Sakit'),
(222, 'Penataran P4'),
(223, 'LATSARMIL MENWA'),
(224, 'Fasilisator P4'),
(225, 'Bidang Agraria'),
(226, 'bendaharawan A'),
(227, 'Kompetensi Pendidikan'),
(228, 'Temu Kaji Ilmiah Masalah Aktual Pembangunan'),
(229, 'Bintek Pengadaan Barang / Jasa'),
(230, 'TMPP-D'),
(231, 'TMPP-L'),
(232, 'Linmas dan Bela Negara'),
(233, 'Sensivity Training'),
(234, 'Protocol Dissemination'),
(235, 'Workshop Stimulasi Manajemen Berbasis Otak Eselon 2'),
(236, 'Manajemen Kearsipan'),
(237, 'Pelatihan Tenaga Penyuluh Lapangan Pengendalian Penggunaan Bahan Bakar Minyak'),
(238, 'Diklat Evaluasi Penyelenggaraan Diklat Bagi Aparatur Di Lingkungan PEMDA'),
(239, 'Diklat Pengadaan Barang/Jasa'),
(240, 'Legal Drafting'),
(241, 'Penyertaan Modal Daerah'),
(242, 'Penyusunan Peraturan Daerah'),
(243, 'Pendidikan dan Pelatihan Teknis Manajemen Pemerintahan'),
(244, 'Bimbingan Teknis Implementasi Peraturan Perundang - Undangan Bidang Kepegawaian'),
(245, 'bendaharawan'),
(246, 'Pelaksana Kegiatan'),
(247, 'Ahli Pengadaan Nasional Tingkat Pertama'),
(248, 'Pra Jabatan'),
(249, 'Training Officer Course'),
(250, 'Teknis Mutasi Kepegawaian'),
(251, 'Bandung Cyber City'),
(252, 'Pemantapan Tugas aparatur Kelurahan'),
(253, 'Pembekalan Pengembangan  Kualitas Bagi aparatur Pemdes dan Pemkel'),
(254, 'Pelatihan Manajemen Kelurhan dan Desa'),
(255, 'Bintek AIC'),
(256, 'Aspek Kesejahteraan Pekerja'),
(257, 'TOT HIP Tk. Nasional'),
(258, 'Sertifikasi Ahli Pengadaan Barang/Jasa'),
(259, 'Aplikasi Komputer'),
(260, 'Manajemen Proyek Penghijauan'),
(261, 'Pembinaan Teknis Pertanahan'),
(262, 'penataran Pengacara Daerah Pemda Tk I dan Tk II se Jabar'),
(263, 'Sistem Informasi Pemerintahan Desa dan Kelurahan'),
(264, 'Anilis Manajemen'),
(265, 'Bimtek  Penerbitan SPM DIPA'),
(266, 'Pembekalan Teknis Bagi Aparatur'),
(267, 'Suibtansi Peningkatan Kopentenisi Auditor'),
(268, 'study kelayakan'),
(269, 'Auditing'),
(270, 'Pengawasan Penilaian Simpan Pinjam'),
(271, 'Manajemen Pemerintahan Desa'),
(272, 'Orientasi Pembinaan Karang Taruna'),
(273, 'OWNERS ESTIMATE'),
(274, 'PELATIHAN SARANA PERKOTAAN'),
(275, 'DIKLAT PEKERJAAN UMUM'),
(276, 'Manajemen Kelurahan / Desa'),
(277, 'Bahasa Inggris'),
(278, 'MILDAS MENWA'),
(279, 'Penataran Bidang Agraris'),
(280, 'Kursus Orientasi Lengkap'),
(281, 'Penyusunan Pembiayaan Anggaran'),
(282, 'TEKNOLOGI INFORMASI PERKANTORAN'),
(283, 'Sistem Aplikasi Pelayanan Kepegawaian (SAPK)'),
(284, 'Paramedis Peternakan'),
(285, 'Aneka Usaha Ternak Unggas'),
(286, 'Statistik Peternakan'),
(287, 'Petugas KESMAVET'),
(288, 'ORIENTASI PENINGKATAN KAPASITAS MENEJEMEN DATA'),
(289, 'SISTEM INFORMASI MANAJEMEN INPRES'),
(290, 'English Revolution'),
(291, 'Pelatihan Manajerial dan Kewirausahaan di Bidang Perkoperasian Bagi Aparatur SKPD Yang Membidangi Koperasi dan Usaha Kecil Menengah se-Jawa Barat'),
(292, 'Pelatihan Teknis Pemberdayaan KUKM di Bidang Perkoperasian Bagi Aparatur Yang Membidangi KUKM Kabupaten/Kota se-Jawa Barat'),
(293, 'Kursus TMPPD'),
(294, 'Kursus Peneliti'),
(295, 'Tutorial Lingkungan Hidup'),
(296, 'Teknis Fungsional Kursus Manajemen Proyek'),
(297, 'Analisis Mengenai Dampak Lingkungan'),
(298, 'Subtantif  Pertambangan'),
(299, 'Jurusita Pajak'),
(300, 'Anggaran Kinerja bagi PINLAK'),
(301, 'Kesekretariatan'),
(302, 'Pendidikan dan Pelatihan Daerah JABAR'),
(303, 'Penataran Pengelolaan Barang Milik Daerah'),
(304, 'Penyusunan dan Analisis NBM dan PPh'),
(305, 'HUMAS PROTOKOL'),
(306, 'Penataran Instruktur'),
(307, 'Penyegaran Sistem Manajemen Logistik'),
(308, 'Manajemen Kepegawaian'),
(309, 'LATSARHANKAMNAS'),
(310, 'Arsiparis'),
(311, 'Managemen Pemerintahan Kelurahan'),
(312, 'A.I.C'),
(313, 'Manager KESOS'),
(314, 'Binter'),
(315, 'Kehumasan'),
(316, 'Pendidikan dan Pelatihan Teknis dan Anggaran Kerja Pemegang Kas'),
(317, 'Pelatihan Teknis'),
(318, 'Manajemen Perencanaan'),
(319, 'Pelatihan Manajemen Proyek'),
(320, 'Pelatihan Pupuk'),
(321, 'Pelatihan Mutu Garam'),
(322, 'Pelatihan Pengawasan Mutu Garam Beredar'),
(323, 'Bintek Keprotokolan'),
(324, 'LTU BPUMC'),
(325, 'LTU Produksi Media PJJ'),
(326, 'Pelatihan Reposisi PLKB'),
(327, 'Pelatihan / TOT KRR'),
(328, 'Pola dan Budaya Kerja Profesional'),
(329, 'Pil BMD'),
(330, 'Latsar Hansip'),
(331, 'Kursus Bendaharawan'),
(332, 'Sekretaris Kelurahan'),
(333, 'Teknis Substantif'),
(334, 'Pemantapan Tugas Aparat Desa/Kel'),
(335, 'Pengelola gerakan Pemb. Keluarga Sejahtera'),
(336, 'Manajemen Perkoperasian'),
(337, 'PENINGKATAN EFEKTIFITAS KERJA KELOMPOK'),
(338, 'Orientasi kerja'),
(339, 'P-4 TERPADU'),
(340, 'Analisis Manajemen'),
(341, 'Pelatihan pemantapan Mapatda & Keu Daerah'),
(342, 'Pelatihan Tekhnis Akip'),
(343, 'PELATIHAN APARAT CATATAN SIPIL'),
(344, 'KEARSIPAN DAN TATA NASKAH'),
(345, 'KEARSIFAN DAN TATA NASKAH'),
(346, 'KOMPUTER TINGKAT DASAR'),
(347, 'BIMTEK PENGADAAN BARANG DAN JASA'),
(348, 'BIMTEK PENGADAAN BARANG/JASA'),
(349, 'Konprehenship Juru Ukur'),
(350, 'Pemeliharaan Jalan Kota Madya'),
(351, 'pemantapan pengawasan lapangan'),
(352, 'Pelatihan Prosedur Pemberian Kridit'),
(353, 'Peningkatan Kapasitas Kinerja Aparatur Pemerintahan'),
(354, 'Penyusunan Anggaran Kinerja Daerah'),
(355, 'KURSUS NETWORK PLANNING'),
(356, 'KEAHLIAN PENGADAAN BARANG DAN JASA PEMERINTAH'),
(357, 'Petugas Lapangan Koperasi'),
(358, 'Badan Pemeriksa'),
(359, 'Manager KUD Model'),
(360, 'Konsultan Manajemen'),
(361, 'Pembina KUD Mandiri'),
(362, 'Pengelola U. Tekstil'),
(363, 'Penilaian Kesehatan USP'),
(364, 'Pembina Kop. & UK'),
(365, 'Optimalisasi Naskop'),
(366, 'TOT Kewirausahaan'),
(367, 'Jupen Angkatan I'),
(368, 'Kearsipan'),
(369, 'bintek pengadaan barang dan jasa'),
(370, 'PENATAR KARAKTERDES'),
(371, 'TENAGA PELAKSANA GIZI'),
(372, 'PENGELOLA OBAT PUSKESMAS'),
(373, 'PETUGAS LAPANGAN PSE'),
(374, 'Pengawasan Umum'),
(375, 'Front Office'),
(376, 'TF Manajemen Proyek'),
(377, 'Teknis Anggaran Kinerja PINLAK'),
(378, 'PB/J Pemerintah'),
(379, 'PBJ & Sosialisasi PERMENDARI No.13/2006'),
(380, 'Pelatihan Manajemen Usaha Kesejahteraan Sosial'),
(381, 'Fasilitasi Identifikasi Kawasan Kumuh'),
(382, 'Analisis Kebijakan Sosial'),
(383, 'Pelatihan Pembina Teknis KPD LKMD dan ISK UDKP'),
(384, 'Desiminasi Wajar Pendidikan 9 Tahun Dalam Konteks Mencerdaskan Kehidupan Bangsa'),
(385, 'Teknik Pengujian Dan Tata Laksana Penyuluhan'),
(386, 'Diklat Pariwisata'),
(387, 'Pelatihan MPSP'),
(388, 'Prasarana Desa'),
(389, 'Teknologi Tepat Guna'),
(390, 'Latihan PKK'),
(391, 'Orientasi Latihan PKK'),
(392, 'Teknik Anggaran Kinerja Bagi Para Pemegang Kas'),
(393, 'Diklat Akuntabilitas Kinerja Instansi Pemerintah dan LAKIP'),
(394, 'Konsultan Pembangunan'),
(395, 'Tata Cara Penatausahaan APBD 2013'),
(396, 'Bintek Penyuluhan Hukum'),
(397, 'Pelatihan Analisis Jabatan'),
(398, 'BINTEK Koord. Dengan Pendekatan Aprecation Influence Control'),
(399, 'Pelatihan Dan Pendidikan Barang Dan Jasa Pemerintah'),
(400, 'Penatausahaan Dan Sistem Akuntansi Daerah'),
(401, 'KOMPUTER DASAR II'),
(402, 'SUSKALAK B'),
(403, 'BELANEGARA'),
(404, 'KOMPUTER PROGRAMER'),
(405, 'KOMPUTER PERKANTORAN'),
(406, 'DIKLAT PROTOKOL'),
(407, 'PENGELOLAAN BARANG DAN JASA'),
(408, 'PENGELOLAAN BARANG  DAN JASA'),
(409, 'PENATARAN AKUNTANSI'),
(410, 'PELATIHAN PEMBINA KADER POSYANDU'),
(411, 'GENDER BAGI ORGANISASI WANITA'),
(412, 'GENDER BAGI ORG WANITA'),
(413, 'LATDAS PLKB SARJANA'),
(414, 'KET.PENGEMB MEDIA KIE BAGI AJUN PKB'),
(415, 'ORIENTASI OPS.GPKS BAGI PET LAP'),
(416, 'PARENT EFK TRAINNING'),
(417, 'Bintek Barang dan Jasa'),
(418, 'Monitoring Supervisi Manajemen Koperasi'),
(419, 'Akuntansi Koperasi'),
(420, 'Diklatsar Hansip'),
(421, 'LAT DAS PLKB SARJANA'),
(422, 'Latihan Tenaga Kes. Penunjang Prog. KB Kes. Terpadu'),
(423, 'PSM Dalam PKMD Perkotaan'),
(424, 'Jangka Pendek Manajemen Program PSM'),
(425, 'TOT Manajemen Peningkatan Kesejahteraan Masyarakat Perkotaan'),
(426, 'Penyusunan RAPBD'),
(427, 'Penyusunan Pelaksanaan APBD'),
(428, 'KIP/K BAGI PLKB,PKB & PPLKB'),
(429, 'Santiaji Politik Bagian Aparatur Pemerintah'),
(430, 'Teknis Pengelola dan Pengendalian'),
(431, 'MONIT DAMPAK KRISIS BAGI PLKB'),
(432, 'ADVOKASI BG PEJABAT'),
(433, 'LATIHAN DASAR UMUM PROGRAM KB'),
(434, 'Kearsipan dan Tatausaha'),
(435, 'Pemanduan Bursa Kerja'),
(436, 'Ekspor Jasa Tenaga Kerja'),
(437, 'Diklat Dasar Tenaga Kerja'),
(438, 'Pemantapan Aparat Kantor Catatan Sipil'),
(439, 'TOT KEWIDYAISWARAAN'),
(440, 'Orientasi Data'),
(441, 'Diklat METLID PNS'),
(442, 'Workshop ADAK PRC'),
(443, 'Validasi Kompetensi dan pedoman penyelenggaran Diklat tekhnis Substantif Sosial'),
(444, 'LDK UPGK'),
(445, 'LTK PENILAIAN ED'),
(446, 'RR PROGRAM KB'),
(447, 'REGISTER VITAL'),
(448, 'Lini Lapangan'),
(449, 'TATA KEARSIPAN DINAMIS'),
(450, 'PENILAIAN ANGKA KREDIT JAB FUNGSIONAL MEDIS DAN PARAMEDIS'),
(451, 'Tekhnis Pengelolaan Keuangan Daerah'),
(452, 'PELATIHAN PRODUK DOMESTIK REGIONAL BRUTO'),
(453, 'Teknis Anggaran Babipinlak'),
(454, 'Orientasi Pemantapan Batas Wilayah desa Angkatan IV'),
(455, 'Kepemimpinan Organisasi'),
(456, 'PENANGGULANGAN BENCANA'),
(457, 'UED-SP'),
(458, 'Pengembangan Program Peningkatan IPM bagi Steakholders'),
(459, 'Latihan Kesamaptaan Satpol PP'),
(460, 'KURSUS KADER PELAKSANA A PERTAHANAN SIPIL'),
(461, 'Pembinaan Teknis Dan Kearsipan'),
(462, 'Manajemen Pembinaan UKM & Koperasi'),
(463, 'Bintek Bendaharawan'),
(464, 'Manajemen Pusat Pertokoan & Perbelanjaan'),
(465, 'Penataran P4 Kontekstual'),
(466, 'Bintek Pelayanan'),
(467, 'Cloud Computing (Personal Cloud) di Lingkungan Pemerintahan'),
(468, 'TOT PASKIBRAKA'),
(469, 'Bintek Pengelolaan Keuangan Daerah'),
(470, 'Pengelolaan Barang & Jasa'),
(471, 'Pelatihan Teknik KE PU-AN Bidang Pengawas Bangunan Jalan & Saluran'),
(472, 'PENCEGAHAN PERSELISIHAN INDUSTRIAL'),
(473, 'DIKLAT PENCEGAHAN PERSELISIHAN INDUSTRIAL'),
(474, 'Bimtek dan PEL Teknis Penggunaan Proposal'),
(475, 'Bimtek Tim Penilai Angka Kridit Japung perantara Hi'),
(476, 'SATWANKAR'),
(477, 'Diklat LAKIP'),
(478, 'ORIENTASI KEPEMIMPINAN PUBLIC SPEAKING'),
(479, 'DIKLAT PEMBERDAYAAN PKL'),
(480, 'DIKLAT UKM & KOPERASI'),
(481, 'Perkoperasian'),
(482, 'Ahli LLAJ'),
(483, 'Kursus Praktis SLATS'),
(484, 'Komputer'),
(485, 'Tot Linmas'),
(486, 'Pelatihan Promosi Pameran Dagang'),
(487, 'Kursus Perkoderasian Bagi CCDU'),
(488, 'Penataran BP-7'),
(489, 'Penataran P-4 Kontek TV AL'),
(490, 'Pelatihan Bahasa Indonesia'),
(491, 'Diklat Tekhnis Pengelolaan Barang Daerah'),
(492, 'Diklat Tekhnis Anggaran Kinerja'),
(493, 'Bintek Hukum'),
(494, 'TOT Penanggulangan kebencanaan'),
(495, 'Manajemen Terpadu Bayi Muda'),
(496, 'Diklat Strategi Dot 5 Program P2 TBC'),
(497, 'Manajemen Puskesmas Bidang Promosi Kesehatan'),
(498, 'Survey Kesehatan Daerah'),
(499, 'Pelatihan Logical Framework Matrix'),
(500, 'ISD 9001.2000'),
(501, 'Customer Service'),
(502, 'Tim Gerak Cepat Pengendalian Flu Burung dan Kesiapsiagaan Menghadapi Randem Influensa'),
(503, 'TOT Penyiapan SDM Dalam Pengembangan DS Siaga'),
(504, 'Tekhnis Pengelolaan Administrasi'),
(505, 'Pelatihan Tenaga Administrasi'),
(506, 'Teknik Pengelolaan Keuangan Daerah'),
(507, 'Diklat Tekhnis Fungsional Bendaharawan Daerah'),
(508, 'Bimbingan Tekhnis Keprotokolan Bagi Aparatur'),
(509, 'Bimtek Pengelolaan Barang dan Jasa Pemerintah'),
(510, 'Diklat Pengetahuan Kepariwisataan'),
(511, 'Bimtek Kebudayaan Bidang Kepurbakalaan'),
(512, 'Diklat Tekhnis Pengelolaan Keuangan Daerah'),
(513, 'Anggaran Kinerja Bagi Pemegang Kas'),
(514, 'HACCP (Hazzart Analisis Critical Control Point)'),
(515, 'Pengawas Kesehatan Masyarakat Veteriner'),
(516, 'Petugas Pembina Wanita Tani Nelayan'),
(517, 'Trainning In Animal Health Management'),
(518, 'Peningkatan Managemen Dalam Rangka Akurasi Data'),
(519, 'Trainning Laboratorium'),
(520, 'Pelatihan Agribisnis'),
(521, 'Training Laboratorium'),
(522, 'Pelatihan Scientific writing'),
(523, 'Pelatihan Epidemiologi'),
(524, 'Pelatihan Diagnosa penyakit, Managemen & Pakan Ternak'),
(525, 'Palatihan Pra Ekonomi dan Epidemiologi Tahap Ii'),
(526, 'Pelatihan Pra Ekonomi dan Epidemiologi Tahap II'),
(527, 'Pertemuan Ilmiah Kesehatan Hewan Nasional'),
(528, 'Lokakarya Kesehatan Hewan & Kesmavet'),
(529, 'Pelatihan manajemen Qolbu'),
(530, 'Pelatihan Kesejahteraan Hewan'),
(531, 'Manajemen Puskesmas Terapan'),
(532, 'Pelatihan Dasar-dasar Perencanaan Wilayah dan Kota'),
(533, 'Introduction and Understanding Quality Management System ISO 9001:2000'),
(534, 'Pengelolaan Keuangan Negara'),
(535, 'Penatausahaan Aset Daerah \\\"B\\\"'),
(536, 'Penatausahaan Aset Negara B'),
(537, 'Penatausahaan Aset Daerah \\\"B\\\"'),
(538, 'Penatausahaan Aset Daerah B'),
(539, 'PERENCANAAN PROGRAM & ANGGARAN DAERAH'),
(540, 'Management Perkantoran'),
(541, 'Pemasyarakatan PP'),
(542, 'Teknik dan Manajemen Perencanaan Pembangunan Tk. Dasar'),
(543, 'Komputer Tingkat Operator Dasar'),
(544, 'Uji Coba Penyusunan dan Analisis Penelitian Tenaga Kerja Otonomi'),
(545, 'Pemahaman SMM ISO 9001 : 2000'),
(546, 'Pengadaan Barang dan Jasa'),
(547, 'Pelatihan/Workshop RTBL Rencana Tata Bang & Lingkungan'),
(548, 'Pelatihan Teknis Penataan dan Rehabilitasi Kawasan Kumuh'),
(549, 'One Day Workshop  Prosedur Pengadaan Barang/Jasa'),
(550, 'Teknik Pengadaan Barang dan Jasa'),
(551, 'Pelatihan Ekonomi Produktif Bagi Remaja Model Desa PUP'),
(552, 'Pelatihan Fasilitasi Pembelajaran Dalam APlikasi Pengembangan Desa PUP'),
(553, 'TOC Pelatihan Bagi Penyelenggara Diklat'),
(554, 'Ujian Dinas'),
(555, 'Pelatihan Program KB'),
(556, 'Ujian Penyesuaian KP'),
(557, 'Penataran Bidang Pertanahan'),
(558, 'Pembekalan Pengembangan Kualitas Bagi Aparatur'),
(559, 'Penyusunan SPM'),
(560, 'Penataran Sosialisasi Kepres 16 Tahun 1994'),
(561, 'BOPAL-UDP'),
(562, 'Diseminasi Penyelenggaraan Pembangunan Gedung Negara & Penataan Bangunan'),
(563, 'DIseminasi Kriteria Teknis Evaluasi Pelaksanaan Pembangunan'),
(564, 'Forum URDI : DInamika dalam Tata Guna Lahan Kawasan Ir.H.Djuanda'),
(565, 'International Workshop on Development of Tsunami'),
(566, 'Kebijakan Pembangunan Infrastruktur Berbasis Masyarakat'),
(567, 'Pemahaman IT'),
(568, 'PELATIHAN JURU SUPIR'),
(569, 'PPGD'),
(570, 'KEPERAWATAN KOMUNITAS'),
(571, 'PRAKTIK KEPERAWATAN'),
(572, 'TIMNAS PNPM'),
(573, 'Komputer Tingkat Programer'),
(574, 'malpraktek keperawatan'),
(575, 'PENCEGAHAN KEBUTAAN ANAK'),
(576, 'Peningkatan Kemampuan Pengelolaan Unit Diklat'),
(577, 'PEKARYA KESEHATAN'),
(578, 'Bintek Keluarga Sehat'),
(579, 'PELATIHAN PROGRAM PENINGKATAN PELAYANAN SOSIAL DASAR TERPADU PERKOTAAN (PPSDTP) TK.DINAMISATOR'),
(580, 'LATIHAN PEMBANGUNAN DESA TERPADU BAGI PEMBINA TEKNIS KPD-LKMD'),
(581, 'SATUAN POLISI PAMONG PRAJA'),
(582, 'Bina Sarjana Muslim'),
(583, 'DIKLAT TEKNIS APARATUR CASIP'),
(584, 'PAJAK BUMI DAN BANGUNAN'),
(585, 'ACHIEVEMENT MOTIVATING TRAINING'),
(586, 'SEMINAR ARSIP INTERNASIONAL'),
(587, 'Pengelola UP2K'),
(588, 'Pelatihan Perencanaan Pembangunan Daerah'),
(589, 'Manajemen Kesejahteraan Sosial'),
(590, 'Teknis Kaur Sarana'),
(591, 'Pelatihan PKU'),
(592, 'Latihan Dasar Umum'),
(593, 'Inter Personal'),
(594, 'Pemantapan Lini Lap'),
(595, 'Pengandaan Barang Jasa'),
(596, 'Perencanaan Transportasi'),
(597, 'Perencanaan Proyek'),
(598, 'Bintek Kepegawaian'),
(599, 'LTK Pengelolaan Sarana'),
(600, 'Pelatihan Regional LOG DT'),
(601, 'Pelatihan Teknik Khusus KOmputer Bagi Bendahara'),
(602, 'Pelatihan Komputer & Administrasi Keuangan'),
(603, 'LTK Perlengkapan Bendaharawan Materil'),
(604, 'Apreciation Influnence Control'),
(605, 'Pend.Kurs Kad.Pelak'),
(606, 'STLUD'),
(607, 'ppp kekuatan satuan linmas'),
(608, 'Pel Bim Teknis (AIC)'),
(609, 'AKMB'),
(610, 'Teknis Ang Kinerja'),
(611, 'Bim Teknis Pengadaan Barang'),
(612, 'Peningkatan Kompetensi Bidang Hukum'),
(613, 'Pengelolaan gaji PNS'),
(614, 'Barang/Jasa'),
(615, 'Keuangan daerah'),
(616, 'Pengembangan Prop Peksos'),
(617, 'Path/ICTA'),
(618, 'Budaya Kerja'),
(619, 'Pembina Kube'),
(620, 'Kursus Dasar Koperasi'),
(621, 'Pemahaman UU'),
(622, 'Pem. Website Kota Bandung'),
(623, 'Pengembangan Kapasitas Ekspor'),
(624, 'DIKLIS JUPEN'),
(625, 'DIKLAT ADMINISTRASI PERKANTORAN'),
(626, 'Training of Trainers (TOT) Out Bound'),
(627, 'ADM Perkantoran'),
(628, 'AnJab'),
(629, 'ISK SISTEM UDK P'),
(630, 'Pendamping IDT'),
(631, 'Pengembangan SDM'),
(632, 'Pening K Kem Aparat'),
(633, 'Implementasi SIMDUK'),
(634, 'Pengeluaran Pendapatan'),
(635, 'Pendataan Pendapatan'),
(636, 'Lat Aparat PMD'),
(637, 'Pengendalian  Pemanfaatan'),
(638, 'DILAT TEKHNIK MANAJEMEN PERENCANAAN PEMBANGUNAN'),
(639, 'MANAJEMEN PERENCANAAN PEMBANGUNAN'),
(640, 'DIKLAT MANAJEMEN PERENCANAAN PEMBANGUNAN'),
(641, 'THE REGIONAL DEVELOPMENT PLANNING TECHNIQUE AND MANAJEMEN'),
(642, 'PELATIHAN PERENCANAAN PELAKSANAAN DAN EVALUASI PROYEK'),
(643, 'KURSUS KEUANGAN DAN EKONOMI DAERAH'),
(644, 'PLANNING AND FINANCING INFRASTRUCTURE DEVELOPMENT TROUGH PUBLIC PRIVATE PARTNER'),
(645, 'DIKLAT LPPD, LKPJ DAN ILPPD'),
(646, 'DIKLAT PENYUSUNAN ANGGARAN'),
(647, 'PELATIHAN KE-PU-AN'),
(648, 'Penataran Jupen'),
(649, 'MANAJEMEN PERENCANAAN PEMBANGUNAN TK DASAR'),
(650, 'PENYUSUNAN KEUANGAN SKPD'),
(651, 'Pencegahan Korupsi'),
(652, 'Sertifikasi JFA'),
(653, 'HANKAMNAS/HANSIP'),
(654, 'ANGGARAN KINERJA PPTK'),
(655, 'AKUNTABILITAS KERJA'),
(656, 'LINMAS'),
(657, 'PERANGKAT KELURAHAN'),
(658, 'Teknis Evaluasi. Penyusunan LAKIP Pemerintahan'),
(659, 'Pemeriksa Keuangan, Barang dan Jasa'),
(660, 'Teknis Pengelolaan Keuangan Daerah'),
(661, 'Pengawasan Penerbitan'),
(662, 'Pendidikan dan Pelatihan Komputer Tingkat Dasar'),
(663, 'Teknis Substantif Pertanian'),
(664, 'Bimbingan Teknis Bawasda'),
(665, 'Pelatihan Adopsi Metode Citizen Report Card'),
(666, 'DIKLAT Job Analisis'),
(667, 'DIKLAT KEPEMIMPINAN'),
(668, 'Diklat Teknis Pengadaan Barang/Jasa'),
(669, 'Penataran Lurah Pemula'),
(670, 'Administrasi Pemerintahan Kel'),
(671, 'Implementasi PERMEN 13/2006'),
(672, 'Program Aplikasi SAPKD'),
(673, 'pengadaan barang/jasa pemerintah'),
(674, 'Implementasi Penataran Per-UU an Bid Kepegawaian'),
(675, 'Bintek Aparat Sospol'),
(676, 'Pemasyarakatan Hasil SU MPR dan UU Bid. Politik'),
(677, 'Peningkatan Kemampuan Aparat Sospol'),
(678, 'DIKLAT Kalkulasi Biaya Cetak'),
(679, 'Perencanaan Partisipatif Pemb Masyarakat Desa (P3MD)'),
(680, 'Bimbingan Teknis Pelayanan'),
(681, 'Komputer Programmer'),
(682, 'LATSAR HANKAMNAS'),
(683, 'Pertahanan'),
(684, 'Diklatsar Jurit'),
(685, 'Pembawa Acara'),
(686, 'PPPK'),
(687, 'DIKLAT Teknis Fungsional Bendaharawan'),
(688, 'Teknis Pengadaan Barang Jasa'),
(689, 'KADER PROFESIONAL PMD'),
(690, 'Pelatihan Tenaga Asistensi,UED-SP'),
(691, 'Pelatihan Kearsipan'),
(692, 'Pelatihan Perencanaan Partisipatif'),
(693, 'LPDT'),
(694, 'Pembekalan Pengembangan Kualitas Aparatur Pem Kel'),
(695, 'Manajemen Pemerintahan Daerah'),
(696, 'AIL'),
(697, 'DIKLAT MANAJEMEN PEMBINAAN UKM & KOPERASI'),
(698, 'DIKLAT Teknologi Processing Susu'),
(699, 'Bimbingan Teknis Pengadaan Barang/Jasa'),
(700, 'DIKLATSAR HANKAMNAS'),
(701, 'Pelatihan LPDT'),
(702, 'TOT PENCARIAN DAN PENYELAMATAN BENCANA'),
(703, 'PENYIDIK PNS'),
(704, 'Manajemen Lurah'),
(705, 'DIKLAT KOMPUTER PERKANTORAN'),
(706, 'DIKLAT TEKNIS ANGGARAN KINERJA ANGKATAN V'),
(707, 'PENG.ADMINISTRASI KEUANGAN'),
(708, 'ADMINISTRASI KEUANGAN'),
(709, 'Manajemen Pembangunan UKM dan Koperasi'),
(710, 'Pengaturan Lalu Lintas Perkoordinasi'),
(711, 'Manajemen dan Rekayasa Lalu Lintas'),
(712, 'Manajemen Angkutan Umum'),
(713, 'SUSPIM'),
(714, 'BAHASA MANDARIN'),
(715, 'SAKTI DEPSOS'),
(716, 'Latihan Tenaga Pembina Pemuda Jabar'),
(717, 'Wasit Bola Volly'),
(718, 'PTKP SOSPOL'),
(719, 'BINTEK'),
(720, 'Orientasi Dasar LLAJ'),
(721, 'Pengembangan Kapasitas UPK'),
(722, 'Manajemen SARPRAS Kota'),
(723, 'Sistem Transportasi Jalan'),
(724, 'PENYUSUNAN AKIP/LAKIP'),
(725, 'DINLAK'),
(726, 'DIKLAT KBN'),
(727, 'Penyusunan Kurikulum DIKLAT'),
(728, 'Pelatihan Manajemen Pengelolaan Pasar'),
(729, 'Orientasi Sterategi Pengembangan Prod Par daerah'),
(730, 'Penyidik Pegawai Negeri Sipil'),
(731, 'LATIHAN DASAR UMUM KB'),
(732, 'DIKLAT Manajemen PEM KEL'),
(733, 'MOTIVASI POLA DAN BUDIDAYA KERJA'),
(734, 'PEMBINAAN TEKNIS &PERTAHANAN BAGI PARA PPAT SEMENTARA'),
(735, 'FASTEKBANGDA'),
(736, 'PELATIHAN TEKNIS BAGI APARAT KELURAHAN'),
(737, 'Sekretaris yang Efektif'),
(738, 'PENATARAN BIDANG PERTANAH NASIONAL'),
(739, 'MANAJEMEN PEMBANGUNAN UKM & OPERASI'),
(740, 'PENGELUARAN KEUANGAN DAERAH'),
(741, 'DIKLAT MANAJEMEN PUSKESMAS'),
(742, 'Anggaran Kinerja PIMLAK'),
(743, 'PENYUSUNAN PRODUK HUKUM DAERAH'),
(744, 'Keuangan Daerah Angkatan V'),
(745, 'TEKNIK KHUSUS KIP-IC'),
(746, 'TEKNIK PEMANTAUAN DAMPAK KRISIS BAGI PLKB'),
(747, 'PEMANTAPAN APARAT KANTOR CATATAN SIPIL KAB/KOTA SEJABAR'),
(748, 'DASAR DASAR KEPENDUDUKAN'),
(749, 'BINTEK PENYUSUNAN RENCANA PEMBANGUNAN DAERAH'),
(750, 'DIKLAT Pertanahan'),
(751, 'DIKLAT Kepramukaan'),
(752, 'DIKLAT Pamong Praja'),
(753, 'DIKLAT Kearsipan'),
(754, 'DIKLAT PPAT'),
(755, 'Ecommerce'),
(756, 'KURSUS MANAJEMEN PEMBANGUNAN'),
(757, 'DIKLAT PEMERIKSA KEUANGAN'),
(758, 'TEKNIS EVALUASI LAKIP'),
(759, 'BINTEK PEJABAT BAWASDA'),
(760, 'PERMILDAS'),
(761, 'Satuan Bakti Pekerja Sosial'),
(762, 'SATKORLAK PB'),
(763, 'Pengawan Melekat'),
(764, 'DIKLAT Pelayanan Prima'),
(765, 'DIKLAT Kepemimpinan TK IV'),
(766, 'SISTEM ANALIS KOMPUTER'),
(767, 'ANGGARAN KINERJA BAGI PARA PIMPINAN'),
(768, 'TEKNIS KEPEGAWAIAN'),
(769, 'DIKLAT TINGKAT PROGRAMMER'),
(770, 'DATA BASE DEPDAGRI'),
(771, 'ADM KEPEGAWAIAN'),
(772, 'PROGRAMMER NETWORKING'),
(773, 'MANAJEMEN PERKOPRASIAN'),
(774, 'Lat KMP Desa'),
(775, 'DIKLAT PENGELOLAAN KEUANGAN DAERAH'),
(776, 'DIKLAT PENANGGULANGAN HIV AIDS'),
(777, 'DIKLAT IMPLEMENTASI PERPU BIDANG KEPEGAWAIAN'),
(778, 'DEPENMA PAMSI'),
(779, 'BINTEK KEPEMIMPINAN PEMERINTAH DALAM NEGERI'),
(780, 'DIKLAT SATBAKSOS'),
(781, 'DIKLAT PERMILDAS'),
(782, 'Pelatihan TOKMAS dan ORSOS'),
(783, 'Pelatihan Penyelenggara Dapur Umum'),
(784, 'Pelatihan Administrasi Kependudukan'),
(785, 'DIKLAT Teknis Analisis Jabatan Angkatan I'),
(786, 'DIKLAT Teknis Pengadaan Barang dan Jasa Pemerintah'),
(787, 'PEMBEKALAN TEKNIS OPERASIONAL KEPALA KELURAHAN'),
(788, 'DIKLAT PINLAK'),
(789, 'DIKLAT Penataan Ruang'),
(790, 'DIKLAT Barang & Jasa'),
(791, 'DIKLAT Teknis Keuangan Daerah'),
(792, 'DIKLAT Teknis bagi Aparatur'),
(793, 'Sosialisasi UU HAM bagi Aparatur Pemerintah'),
(794, 'Forum Komunikasi dan Konsultasi Daerah'),
(795, 'ADMINISTRATOR SIMDA'),
(796, 'SPIP'),
(797, 'Junior Program Komp'),
(798, 'PELATIHAN KADER PEMBANGUNAN'),
(799, 'KURSUS PERPUSTAKAAN'),
(800, 'PENATARAN KEPALA DESA'),
(801, 'PENATARAN BENCANA'),
(802, 'PELATIHAN AIC'),
(803, 'PELATIHAN KADER DESA'),
(804, 'MANAJEMEN SOSIAL'),
(805, 'Search dan Rescue'),
(806, 'SIMREN Guru'),
(807, 'SIMREN Pendidikan'),
(808, 'Penyusunan PERDA'),
(809, 'PROLEGDA'),
(810, 'Sistem Informasi Perencanaan'),
(811, 'BARJAS'),
(812, 'Pembekalan Teknis Kepala Terminal Penumpang Angkatan VI'),
(813, 'Neraca SKPD'),
(814, 'Oracle Developer'),
(815, 'Sun Solaris'),
(816, 'Pelatihan Fasilitator MPKT'),
(817, 'Pelatihan Evaluasi Pegawai'),
(818, 'Pelatihan Bimbingan HIV AIDS'),
(819, 'PEMANDU BURSA KERJA'),
(820, 'PENINGKATAN KEMAMPUAN APARATUR KAB/KOTA SEJABAR'),
(821, 'Pelatihan GMP'),
(822, 'PENGELOLAAN ORGANISASI DAN PERANGKAT DAERAH'),
(823, 'Bela Negara dan Kehansipan'),
(824, 'Komunikasi Radio'),
(825, 'PENDIDIKAN KOMPUTER'),
(826, 'PELATIHAN TEKNIS ANGGARAN'),
(827, 'PELATIHAN PELAYNAN PRIMA'),
(828, 'DA'),
(829, 'PENDALAMAN UKMK'),
(830, 'TOT PARTICIPATORY RURAL APRAISAL'),
(831, 'Sistem Manajemen Mutu ISO 9001:2000'),
(832, 'Pelatihan Kader Penyuluh Sosial'),
(833, 'Kependudukan dan catatan sipil'),
(834, 'Pelatihan Barang dan Jasa'),
(835, 'Balai Diklat KBN Prov. Jabar'),
(836, 'Balai Diklat KBN Garut'),
(837, 'Penyuluhan Peningkatan Kesejahterahan Buruh'),
(838, 'Bimtek Aparat Pengelola Informasi Pasar Kerja Tk. Kab/Kota se jabar'),
(839, 'Perlindungan Masyarakat'),
(840, 'Kader Pembangunan Masyarakat Kelurahan'),
(841, 'Pelatihan Dana Bantuan Pem. Desa'),
(842, 'BPHTB'),
(843, 'Supervisi Audit I'),
(844, 'Perkoperasian dan PPK'),
(845, 'Akuntansi dan Manajemen Koperasi'),
(846, 'Perencanaan Tenaga Kerja'),
(847, 'Customer Service bagi tenaga Dokter Puskesmas'),
(848, 'Effective Leadership'),
(849, 'Peraturan Disiplin PNS/ Sengketa Pegawai'),
(850, 'Penyusunan Desain Perencanaan Program Anggaran Responsif Gender'),
(851, 'PRAJABATAN'),
(852, 'Penataran Pemantapan Bela Negara dan Peningkatan Kemampuan Hansip'),
(853, 'Sosialisasi Peraturan Pembinaan Instruktur dan Tenaga Kepelatihan'),
(854, 'DIKLAT KETENAGAKERJAAN'),
(855, 'PELATIHAN PEMANDU (TOT) PETUGAS ANTAR KERJA'),
(856, 'PELATIHAN PETUGAS PENYULUH TKI'),
(857, 'BIMTEK ASPEKKESEJAHTERAAN'),
(858, 'Lok Nasional STP & Ditjen PT'),
(859, 'Pelatihan S.I.K Berbasis WEB'),
(860, 'PELATIHAN PELATIH HIP'),
(861, 'BIMTEK PENYULUH PP/PKB'),
(862, 'Pelatihan PTKD'),
(863, 'Pelatihan Teknik Negosiasi Hub. Indusrial'),
(864, 'The Federal Mediation Conciliation Service USA'),
(865, 'Pribadi Unsur Ke BINAWASAN'),
(866, 'Bimtek Pengelola Sistem Informasi'),
(867, 'Bimtek Japung PPIT I'),
(868, 'TEHNIK NASKAH DINAS'),
(869, 'Pendidikan Pelatihan ADM. Kepegawaian Tk. Dasar Dilingkungan Pemkot Bandung'),
(870, 'Pendidikan dan Pelatihan Pengawasan Kearsipan'),
(871, 'DIKLAT LAKIP AKIP'),
(872, 'DIKLAT PENGADAAN BARANG DAN JASA'),
(873, 'DIKLAT QUALITY MANAGEMENT SYSTEM'),
(874, 'Diklat Teknis Anggaran Kinerja'),
(875, 'Pelatihan Bidang Software dan Hardware'),
(876, 'Pengelolaan Pajak'),
(877, 'Program Pendidikan Operator Komputer'),
(878, 'Tata Busana'),
(879, 'Kewirausahaan Perempuan Pelajaran Bordir'),
(880, 'Diklat Bendahara Pengeluaran Daerah'),
(881, 'Diklat Juru Sita pajak'),
(882, 'Pelatihan Manajemen Pengembangan Sekolah'),
(883, 'BASIC FIRE TRAINING'),
(884, 'INSPEKTUR P.K'),
(885, 'Bimbingan Teknis pengelolaan Barang'),
(886, 'Pelatihan Guru Atraktif Dalam Penerapan KBK Pada TK'),
(887, 'Lokakarya Manajemen dan Inovasi Pembelajaran di TK'),
(888, 'Diklat Nasional Rekonstruksi Manajemen Pembelajaran Dalam Profesionalisme'),
(889, 'Seminar Pembelajaran Matematika'),
(890, 'Pelatihan Fungsional Penilik PLS'),
(891, 'Manajemen Instalasi STM'),
(892, 'Pelatihan Guru SD/MI'),
(893, 'Pembinaan Profesi dan Pelatihan Kurikulum'),
(894, 'Pelatihan Penanganan Penderita Gawat Darurat Khusus Dokter Gigi & Perawat Gigi'),
(895, 'Teknis Perpustakaan'),
(896, 'Penataran Kepala Desa/Kelurahan se wilayah Priangan'),
(897, 'Komputer TK Dasar'),
(898, 'Pelatihan Intelijen Aparat Deplu RI TA 2009'),
(899, 'Teknologi Informasi dan Komunikasi Tingkat Pemula'),
(900, 'management of training'),
(901, 'Training Of Fasilitator'),
(902, 'Kreatifitas Guru IPA'),
(903, 'KYD dan CBSA'),
(904, 'Profesional Guru'),
(905, 'USG Tingkat Dasar'),
(906, 'Manajemen UPT'),
(907, 'Manajemen UKM'),
(908, 'suskalak a'),
(909, 'Pengawasan Keuangan Negara'),
(910, 'Sistem AKuntansi Keuangan Daerah'),
(911, 'Teknis Anggaran Kinerja bagi PPK'),
(912, 'Penyusunan Neraca Awal dan Akhir Pem.Da'),
(913, 'Pelatihan IPSRS'),
(914, 'Metodologi BKB-Iqro Bagi Pelatih BKB'),
(915, 'Self Building & Soft Skill Capacity'),
(916, 'Pelatihan sistem akuntansi keuangan daerah'),
(917, 'Pelatihan Pengelolaan keuangan berdasarkan permendagri 59'),
(918, 'workshop disseminasi'),
(919, 'workshop pengisian spt tahunan pph 21 dan pph badan'),
(920, 'Penataran Penyegaran dan Pemantapan Tugas Penataan Kota'),
(921, 'Latihan tenaga supervisi kartografi'),
(922, 'Sistem Informasi Administrasi Kependudukan (SIAK) Offline'),
(923, 'seminar tata ruang'),
(924, 'pelatihan peningkatan kinerja kelurahan'),
(925, 'LPPWKT'),
(926, 'AMT'),
(927, 'KMP'),
(928, 'Orientasi Tupoksi Staf PPLKB'),
(929, 'mengetik'),
(930, 'Pusat Pendidikan dan Latihan Pegawai'),
(931, 'Pencegahan dan Penanggunglangan Kebakaran'),
(932, 'Hotroduktion & Maintenance Morita 32 Mladder Truck Training'),
(933, 'Pelatihan pemandu tekonologi tepat guna'),
(934, 'Bimtek IPK'),
(935, 'Bimtek Peningkatan Kinerja Pengelola ketenagakerjaan'),
(936, 'Pemandu wirausaha'),
(937, 'Bimtek PPCTKI'),
(938, 'Pelatihan Pemandu Lapangan TKST'),
(939, 'Pelatihan PL-TPK'),
(940, 'teknis analisa jabatan'),
(941, 'Diklat Satpol PP'),
(942, 'Diklat Teknik Satpol PP'),
(943, 'Pelatihan juru uji dagang'),
(944, 'UPgrading course KCD dan juru uji dagang'),
(945, 'Juru Sita'),
(946, 'The In Country Training Program On Housing And Settlement Policies'),
(947, 'Pengawas Pembangunan Rusun Sistem Pracetak'),
(948, 'Pemantapan Lembaga Koordinasi Pembangunan Permukiman'),
(949, 'Dasar Ketenagakerjaan'),
(950, 'Diklat Petugas Pelayanan PTKI'),
(951, 'Diklat Peningkatan Kinerja SK'),
(952, 'Pelatihan Padat Karya Produksi'),
(953, 'usaha mandiri unit sektor informasi'),
(954, 'operator komputer'),
(955, 'pembina perkop dan UK'),
(956, 'Perantara Hubungan Industrial'),
(957, 'Diklat teknis anggaran dan perpajakan'),
(958, 'owner estimate'),
(959, 'strategi simplementasi telematika'),
(960, 'HKI'),
(961, 'Santiaji calon aparat penyelenggara pemilu 1997 sejabar'),
(962, 'Diklat SAR'),
(963, 'Pendidikan dan Pelatihan Juru Ukur'),
(964, 'BP7'),
(965, 'keterampilan koperasi'),
(966, 'akuntansi'),
(967, 'Pelatihan KUK'),
(968, 'Pelatih dan motivator kewirausahaan'),
(969, 'usaha simpan pinjam'),
(970, 'Manajemen usaha pangan bagi manajer koperasi'),
(971, 'Pengelolaan Bisnis Eceran'),
(972, 'Pengembangan kemitrausahaan bagi pendamping penerima KPKU Prop.Jabar'),
(973, 'Petugas Teknis Lapangan'),
(974, 'Pemadaman kebakaran'),
(975, 'Diklat teknis substantif bidang peningkatan ijin proyek dan pengujian KB'),
(976, 'Diklat disiplin dan orientasi'),
(977, 'Audit tahap II'),
(978, 'SAKIP'),
(979, 'Teknik Evakuasi'),
(980, 'Pelatihan Pemasangan KB IUD Post Partum'),
(981, 'Teknik Perikanan'),
(982, 'Kepegawaian Tk Dasar'),
(983, 'Pranata  komputer'),
(984, 'Linmas Terampil'),
(985, 'Tata Buku'),
(986, 'Diklat tertib niaga dan perlindungan konsumen'),
(987, 'LDU GKBN bagi Kades/lurah sejabar'),
(988, 'Kewirausahaan'),
(989, 'Konsultan kewirausahaan'),
(990, 'Briket baturbara'),
(991, 'Perencanaan Penyehatan Lingkungan Pemukoman Bidang Persampahan'),
(992, 'Perencanaan Pemukiman Transmigrasi'),
(993, 'Instruktur Ketenagakerjaan Bidang Pengembangan UKM'),
(994, 'peningkatan pejabat Produktivitas'),
(995, 'Pembinaan Teknis Pelayanan Kesehatan Gigi'),
(996, 'LDU program KB bagi Petugas Lapangan KB Baru Kab/Kota sejabar'),
(997, 'Penataan Sensus Barang Daerah'),
(998, 'Orientasi Program IDT'),
(999, 'Pelatihan Ajun'),
(1000, 'Tutor BKB Tingkat Kabupaten'),
(1001, 'Pembekalan Pola KIE'),
(1002, 'KIP Konseling KB'),
(1003, 'PAM PEMILU'),
(1004, 'Latihan BKB Tingkat Kecamatan'),
(1005, 'Diklat Regional Development Mechanism and Private Partnership for Infrastrukctur Development'),
(1006, 'Pelatihan APlikasi Remote Sensing (RS) dan Sistem Informasi Geografis (SIG) untuk Pemetaan Tata Ruang'),
(1007, 'Inseminator'),
(1008, 'Pelatihan Sistem Informasi Sumber Daya Air'),
(1009, 'Diklat Inspektur Kebakaran Tk.I'),
(1010, 'Diklat Scuba Diver'),
(1011, 'Pengawasan dan Pengendalian Mutu Tekstil dan Garment'),
(1012, 'Tata pembukuan bendaharawan'),
(1013, 'LDU GKBN Tahap I Bagi Ajun PKB Madya'),
(1014, 'LDU GKBN Tahap II bagi Ajun PKB Madya'),
(1015, 'pelatihan kapes/lurah'),
(1016, 'diklat teknis pengelolaan keuangan daerah angk. VI'),
(1017, 'pelatihan bandung cyber city'),
(1018, 'bimbingan teknis PerUU Bidang Kepegawaian'),
(1019, 'angka kredit jadung'),
(1020, 'Perencana Bidang Air Limbah'),
(1021, 'Tingkat Lanjutan Bid. Air Limbah'),
(1022, 'OSP Sistem Penjernihan Air'),
(1023, 'Manajemen Pengadaan Barang Jasa'),
(1024, 'Menajemen PDAM Tingkat Madya'),
(1025, 'KETERAMPILAN PERKOPERASIAN'),
(1026, 'PELATIHAN AKUNTANSI I'),
(1027, 'Pendidikan dan Pelatihan Satuan Bakti Pekerja Sosial'),
(1028, 'Bintek Di Lingkungan Pemkot Bandung'),
(1029, 'AKMB BANDUNG'),
(1030, 'Teknisi Lab Tanah'),
(1031, 'Pelaksanaan Teknis Pekerjaan Umum Bio Pengawasan Bangunan , Jalan dan saluran'),
(1032, 'Training On Implementation of Building Monitoring System'),
(1033, 'Diklat Infrastructure Development Through Public Private Partnership(ID-PPP)'),
(1034, 'BKD/LPK'),
(1035, 'Aparatur NNS'),
(1036, 'Diklat Dasar Peksos'),
(1037, 'PEKSUS Dalam Perlindungan Anak'),
(1038, 'Tenaga Penyuluh'),
(1039, 'Desiminasi PErdagangan Awak'),
(1040, 'Sertifikasi JAPUNG PEKSOS'),
(1041, 'KADARKUM'),
(1042, 'PENATARAN PENJAS'),
(1043, 'PELATIHAN SKJ 2004'),
(1044, 'PELATIHAN SKJ 2000'),
(1045, 'PENINGGKATAN PROFESIONAL PENDIDIKAN PELAJAR'),
(1046, 'PPL KEPENDIDIKAN'),
(1047, 'RESPONSIBILITAS GURU OR PASCA UU SISTEM KE OLAH RAGA'),
(1048, 'Pelatihan Teknis Komputer'),
(1049, 'Latihan Pengoprasian II'),
(1050, 'Pendidikan Alat Bendahara'),
(1051, 'Teknis Tata Naskah'),
(1052, 'PELATIHAN TEKNIS TENAGA LAB RSU'),
(1053, 'PENDIDIKAN BUDI PEKERTI SEBAGAI WAHANA PENCIPTAAN SUASANA SEKOLAH YANG KONDUSIF'),
(1054, 'Harmonisasi Audit'),
(1055, 'Penata Usahaan AKUNTAN SI Keuangan Daerah'),
(1056, 'PPNS'),
(1057, 'Pelatihan Bagi Pengelola dan Penanggung Jawab Prog. Kusta'),
(1058, 'Pelatihan Khusus Pencabutan Implan'),
(1059, 'PELATIHAN SOFTWARE APLIKASI'),
(1060, 'PELATIHAN PERKOPRASIAN'),
(1061, 'BINTEK KTSP SMA TK KOTA BANDUNG'),
(1062, 'Evajab'),
(1063, 'Pemantapan Pendaftaran Penduduk'),
(1064, 'Orientasi Sekcam Se. Kab. Bandung'),
(1065, 'PENGEMBANGAN PROFESIONALISME GURU'),
(1066, 'LDU PLKB'),
(1067, 'RR KKB'),
(1068, 'Teknik Khusus UPGK'),
(1069, 'LKK'),
(1070, 'Ket. Pokja IV/KEC'),
(1071, 'Penataran Penanggulangan Bencana'),
(1072, 'Pemantapan Tugas Pendaftaran Penduduk TK I Jawa Barat'),
(1073, 'Pelatihan Prog. KB Bagi Pengelola Prog. KB TK Kec & Desa'),
(1074, 'Workshop Penyusunan Laporan Keuangan Daerah'),
(1075, 'Pelatihan Orientasi Operasionalisasi GPKS BG Petugas Lapang Angkatan XXV'),
(1076, 'Pelatihan Komunikasi Inter Personal angakat III'),
(1077, 'Pelatihan KIP/K Bagi Petugas Lapangan KB'),
(1078, 'Orientasisasi Dan Refeshing Pengelolaan Program KB TK Kecamatan dan Desa bagi PLKB/PKB'),
(1079, 'KKP A Hansip/Linmas'),
(1080, 'LATSAR LINMAS PNS'),
(1081, 'PPDK BAGI PLKB'),
(1082, 'PPM R/R BAGI PLKB'),
(1083, 'PELATIHAN KOMPUTER'),
(1084, 'PRPKB BAGI PLKB'),
(1085, 'POR BAGI PLKB'),
(1086, 'DIKLAT PENULISAN PTK'),
(1087, 'PELATIHAN LESSON STUDY'),
(1088, 'Penyusunan Program Pembelajaran Tahun 2006/2007'),
(1089, 'Pertambangan dan Pengendalian Air'),
(1090, 'Pembuatan dan Pemanfaatan Zeolit Granular untuk Industri Pertanian'),
(1091, 'Manajemen Rekam Medis'),
(1092, 'Rekam Medis'),
(1093, 'STTPL'),
(1094, 'KEBENDAHARAWAN'),
(1095, 'KOMPUTER I'),
(1096, 'KOMPUTER II'),
(1097, 'PELATIHAN & MOTIVATOR KEWIRAUSAHAAN'),
(1098, 'PELATIHAN PENGEMBANGAN KEMITRAAN'),
(1099, 'PELATIHAN PENGELOLA SIMPAN PINJAM'),
(1100, 'Pelatihan Teknis Perencanaan dan Pengadaan ASN'),
(1101, 'BINTEK PENYUSUNAN MASTERPLAN KOTA AGROMERASI'),
(1102, 'INTERNATIONAL VISITOR LEADERSHIP PROGRAM'),
(1103, 'Diklat Teknis Fungsional Kursus Bendaharawan Daerah'),
(1104, 'Teknik dan Manajemen Perencanaan Pembangunan Tk Dasar (TMPPD)'),
(1105, 'Pelatihan Dasar-dasar Perencanaan Wilayah dan Kota'),
(1106, 'Pelatihan Penilaian AMDAL'),
(1107, 'Pelatihan Aplikasi Remote Sensing dan Sistem Informasi Geografis (SIG) untuk Tata Ruang'),
(1108, 'Pelatihan Sistem Informasi Sumber Daya Air'),
(1109, 'DIKLAT Regional Development Mechanism & Private Partnership for Infrastructure Development'),
(1110, 'Peningkatan Integritas Aparatur TA 2017'),
(1111, 'Diklat penjenjangan p2upd muda'),
(1112, 'Diklat penjenjangan p2upd madya'),
(1113, 'Diklat pembentukan p2upd ahli'),
(1114, 'Diklat pembentukan auditor kepegawaian'),
(1115, 'Diklat penjenjangan auditor kepegawaian muda'),
(1116, 'Diklat penjenjangan auditor kepegawaian madya'),
(1117, 'audit forensik'),
(1118, 'Diklat audit badan layanan umum daerah'),
(1119, 'Diklat audit berbasis resiko'),
(1120, 'Diklat SPIP'),
(1121, 'Diklat probity audit PBJ'),
(1122, 'Reviu Laporan Keuangan Pemerintah Daerah');

-- --------------------------------------------------------

--
-- Table structure for table `master_eselon`
--

CREATE TABLE `master_eselon` (
  `id` int(11) NOT NULL,
  `golongan_awal_id` int(11) NOT NULL,
  `golongan_akhir_id` int(11) NOT NULL,
  `nama` varchar(30) NOT NULL,
  `batas_usia_pensiun` int(11) NOT NULL,
  `created_at` datetime NOT NULL,
  `updated_at` datetime NOT NULL
) ENGINE=InnoDB DEFAULT CHARSET=latin1;

--
-- Dumping data for table `master_eselon`
--

INSERT INTO `master_eselon` (`id`, `golongan_awal_id`, `golongan_akhir_id`, `nama`, `batas_usia_pensiun`, `created_at`, `updated_at`) VALUES
(1, 16, 17, 'I.a', 60, '2021-01-08 14:37:16', '2021-01-08 14:37:21'),
(2, 15, 17, 'I.b', 60, '2021-01-08 14:38:37', '2021-01-08 14:38:41'),
(3, 15, 16, 'II.a', 60, '2021-01-08 14:39:50', '2021-01-08 14:39:54'),
(4, 14, 15, 'II.b', 60, '2021-01-08 14:40:32', '2021-01-08 14:40:35'),
(5, 13, 14, 'III.a', 58, '2021-01-08 14:41:17', '2021-01-08 14:41:19'),
(6, 12, 13, 'III.b', 58, '2021-01-08 14:41:51', '2021-01-08 14:41:55'),
(7, 11, 12, 'IV.a', 58, '2021-01-08 14:42:53', '2021-01-08 14:42:56'),
(8, 10, 11, 'IV.b', 58, '2021-01-08 14:43:26', '2021-01-08 14:43:30'),
(9, 9, 10, 'V.a', 58, '2021-01-08 14:43:54', '2021-01-08 14:43:57');

-- --------------------------------------------------------

--
-- Table structure for table `master_fakultas`
--

CREATE TABLE `master_fakultas` (
  `id` int(11) NOT NULL,
  `nama` varchar(255) DEFAULT NULL
) ENGINE=InnoDB DEFAULT CHARSET=latin1;

--
-- Dumping data for table `master_fakultas`
--

INSERT INTO `master_fakultas` (`id`, `nama`) VALUES
(1, 'Admnistrasi'),
(2, 'MIPA'),
(3, 'Teknik'),
(4, 'Ilmu Sosial dan Ilmu Politik (FISIP) (SOSPOL)'),
(5, 'Ilmu Administrasi'),
(6, 'Keperawatan'),
(7, 'Ekonomi'),
(8, 'Ilmu Pendidikan'),
(9, 'Manajemen Keuangan dan Perbankan'),
(10, 'Sastra'),
(11, 'Kedokteran'),
(12, 'Administrasi Publik'),
(13, 'Adab'),
(14, 'Ilmu Komunikasi'),
(15, 'Kurikulum dan Ilmu Pendidikan'),
(16, 'MANAJEMEN PRODUKSI DAN PEMASARAN'),
(17, 'Administrasi Negara'),
(18, 'Keguruan dan Ilmu Pendidikan (FKIP)'),
(19, 'Magister Manajemen'),
(20, 'Hukum'),
(21, 'Ilmu Pemerintahan'),
(22, 'Pertanian'),
(23, 'Manajemen SDA'),
(24, 'Ilmu Lingkungan'),
(25, 'Peternakan'),
(26, 'Teknik Sipil'),
(27, 'Syariah'),
(28, 'Perikanan'),
(29, 'Program Pascasarjana'),
(30, 'Bahasa & Seni'),
(31, 'Program Doktor'),
(32, 'Studi Transportasi'),
(33, 'Magister Ilmu Hukum'),
(34, 'Kesejahteraan Sosial'),
(35, 'Dakwah'),
(36, 'APK Kesling'),
(37, 'Akuntansi'),
(38, 'Manajemen SDM'),
(39, 'Teknologi Pertanian'),
(40, 'Planologi'),
(41, 'Tarbiyah'),
(42, 'Politik Lokal dan Otda'),
(43, 'Urban Manajemen'),
(44, 'Perencanaan Wilayah Kota'),
(45, 'Kesehatan'),
(46, 'FPBS'),
(47, 'Magister Ilmu Lingkungan'),
(48, 'Sosial Politik'),
(49, 'Ushuluddin'),
(50, 'Perhotelan'),
(51, 'Psikolog'),
(52, 'Magister Ilmu Administrasi'),
(53, 'Magister Ilmu Pemerintahan'),
(54, 'Gizi Masyarakat'),
(55, 'Seni Rupa'),
(56, 'Ilmu Kepariwisataan'),
(57, 'Strategi Pertahanan');

-- --------------------------------------------------------

--
-- Table structure for table `master_golongan`
--

CREATE TABLE `master_golongan` (
  `id` int(11) NOT NULL,
  `nama` varchar(25) NOT NULL,
  `deskripsi` varchar(255) DEFAULT NULL
) ENGINE=InnoDB DEFAULT CHARSET=latin1;

--
-- Dumping data for table `master_golongan`
--

INSERT INTO `master_golongan` (`id`, `nama`, `deskripsi`) VALUES
(1, 'I/a', 'Juru Muda'),
(2, 'I/b', 'Juru Muda Tingkat I'),
(3, 'I/c', 'Juru'),
(4, 'I/d', 'Juru Tingkat I'),
(5, 'II/a', 'Pengatur Muda'),
(6, 'II/b', 'Pengatur Muda Tingkat I'),
(7, 'II/c', 'Pengatur'),
(8, 'II/d', 'Pengatur Tingkat I'),
(9, 'III/a', 'Penata Muda'),
(10, 'III/b', 'Penata Muda Tingkat I'),
(11, 'III/c', 'Penata'),
(12, 'III/d', 'Penata Tingkat I'),
(13, 'IV/a', 'Pembina'),
(14, 'IV/b', 'Pembina Tingkat I'),
(15, 'IV/c', 'Pembina Utama Muda'),
(16, 'IV/d', 'Pembina Utama Madya'),
(17, 'IV/e', 'Pembina Utama');

-- --------------------------------------------------------

--
-- Table structure for table `master_golongan_darah`
--

CREATE TABLE `master_golongan_darah` (
  `id` int(11) NOT NULL,
  `nama` varchar(255) DEFAULT NULL
) ENGINE=InnoDB DEFAULT CHARSET=latin1;

--
-- Dumping data for table `master_golongan_darah`
--

INSERT INTO `master_golongan_darah` (`id`, `nama`) VALUES
(1, 'O'),
(2, 'A'),
(3, 'B'),
(4, 'AB');

-- --------------------------------------------------------

--
-- Table structure for table `master_hukuman`
--

CREATE TABLE `master_hukuman` (
  `id` int(11) NOT NULL,
  `jenis` varchar(255) DEFAULT NULL,
  `nama` varchar(255) DEFAULT NULL
) ENGINE=InnoDB DEFAULT CHARSET=latin1;

--
-- Dumping data for table `master_hukuman`
--

INSERT INTO `master_hukuman` (`id`, `jenis`, `nama`) VALUES
(1, 'Berat', 'd. Pemberhentian dengan Hormat Tidak Atas Permintaan sendiri sebagai PNS'),
(2, 'Ringan', 'c. Pernyataan Tidak Puas Secara Tertulis'),
(3, 'Ringan', 'b. Teguran Tertulis'),
(4, 'Ringan', 'a. Teguran Lisan'),
(5, 'Sedang', 'a. Penundaan Kenaikan Gaji berkala selama 1 Tahun'),
(6, 'Sedang', 'c. Penurunan Pangkat Setingkat Lebih Rendah selama 1 Tahun'),
(7, 'Sedang', 'b. Penundaan Kenaikan Pangkat selama 1 Tahun'),
(8, 'Berat', 'a. Penurunan Pangkat Setingkat Lebih Rendah selama 3 Tahun'),
(9, 'berat', 'b. Pemindahan Dalam Rangka Penurunan Jabatan Setingkat Lebih Rendah'),
(10, 'Berat', 'c. Pembebasan dari Jabatan'),
(11, 'Berat', 'e. Pemberhentian Tidak Dengan Hormat Sebagai PNS');

-- --------------------------------------------------------

--
-- Table structure for table `master_jabatan`
--

CREATE TABLE `master_jabatan` (
  `id` int(11) NOT NULL,
  `jf_id` int(11) NOT NULL,
  `satuan_kerja_id` int(11) NOT NULL,
  `unit_kerja_id` int(11) NOT NULL,
  `eselon_id` int(11) NOT NULL,
  `nama` varchar(255) NOT NULL,
  `jenis` varchar(100) NOT NULL,
  `kode` varchar(255) DEFAULT NULL,
  `kelas` int(11) DEFAULT NULL,
  `created_at` datetime DEFAULT NULL,
  `updated_at` datetime DEFAULT NULL
) ENGINE=InnoDB DEFAULT CHARSET=latin1;

--
-- Dumping data for table `master_jabatan`
--

INSERT INTO `master_jabatan` (`id`, `jf_id`, `satuan_kerja_id`, `unit_kerja_id`, `eselon_id`, `nama`, `jenis`, `kode`, `kelas`, `created_at`, `updated_at`) VALUES
(1, 0, 2, 0, 4, 'Kepala Dinas Pendidikan', 'STRUKTURAL', '1.101.00.000', 14, '2021-01-08 09:05:28', '2021-01-08 09:05:28'),
(2, 0, 2, 3, 6, 'Kepala Bidang Pembinaan Ketenagaan', 'STRUKTURAL', '1.101.04.000', 11, '2021-01-08 09:47:27', '2021-01-08 09:47:27'),
(3, 0, 2, 4, 7, 'Kepala Seksi Kesejahteraan Guru dan Tenaga Pendidikan', 'STRUKTURAL', '1.101.04.001', 10, '2021-01-08 10:07:05', '2021-01-08 10:32:34'),
(4, 2, 2, 4, 0, '', 'TERTENTU', '', 0, '2021-01-08 10:07:45', '2021-01-08 10:07:45'),
(5, 3, 2, 4, 0, '', 'UMUM', '', 0, '2021-01-08 10:13:51', '2021-01-08 10:13:51');

-- --------------------------------------------------------

--
-- Table structure for table `master_jabatan_kategori`
--

CREATE TABLE `master_jabatan_kategori` (
  `id` int(11) NOT NULL,
  `nama` varchar(255) NOT NULL
) ENGINE=InnoDB DEFAULT CHARSET=latin1;

--
-- Dumping data for table `master_jabatan_kategori`
--

INSERT INTO `master_jabatan_kategori` (`id`, `nama`) VALUES
(1, 'Adikara Siaran');

-- --------------------------------------------------------

--
-- Table structure for table `master_jabatan_kelas`
--

CREATE TABLE `master_jabatan_kelas` (
  `id` int(11) NOT NULL,
  `kelas` varchar(10) NOT NULL,
  `nilai_jabatan` int(11) NOT NULL,
  `created_at` datetime NOT NULL,
  `updated_at` datetime NOT NULL
) ENGINE=InnoDB DEFAULT CHARSET=latin1;

--
-- Dumping data for table `master_jabatan_kelas`
--

INSERT INTO `master_jabatan_kelas` (`id`, `kelas`, `nilai_jabatan`, `created_at`, `updated_at`) VALUES
(1, '1', 190, '2021-01-07 00:00:00', '2021-01-07 00:00:00'),
(2, '1a', 240, '2021-01-07 00:00:00', '2021-01-07 00:00:00'),
(3, '3', 340, '2021-01-07 00:00:00', '2021-01-07 00:00:00'),
(4, '6', 690, '2021-01-07 00:00:00', '2021-01-07 00:00:00'),
(5, '7', 890, '2021-01-07 00:00:00', '2021-01-07 00:00:00');

-- --------------------------------------------------------

--
-- Table structure for table `master_jabatan_rumpun`
--

CREATE TABLE `master_jabatan_rumpun` (
  `id` int(11) NOT NULL,
  `nama` varchar(255) NOT NULL
) ENGINE=InnoDB DEFAULT CHARSET=latin1;

--
-- Dumping data for table `master_jabatan_rumpun`
--

INSERT INTO `master_jabatan_rumpun` (`id`, `nama`) VALUES
(1, 'Akuntan dan Anggaran'),
(2, 'Arsiparis, Pustakawan, dan yang berkaitan');

-- --------------------------------------------------------

--
-- Table structure for table `master_jft`
--

CREATE TABLE `master_jft` (
  `id` int(11) NOT NULL,
  `rumpun_id` int(11) DEFAULT NULL,
  `jabatan_kategori_id` int(11) DEFAULT NULL,
  `nama` varchar(255) NOT NULL,
  `golongan_awal_id` int(11) DEFAULT NULL,
  `golongan_akhir_id` int(11) DEFAULT NULL,
  `batas_usia_pensiun` int(11) DEFAULT NULL,
  `skill` varchar(100) DEFAULT NULL,
  `kode_jabatan` varchar(100) NOT NULL,
  `kelas` int(11) DEFAULT NULL,
  `type` varchar(100) NOT NULL DEFAULT 'TERTENTU',
  `syarat` varchar(555) DEFAULT NULL,
  `created_at` datetime NOT NULL,
  `updated_at` datetime NOT NULL
) ENGINE=InnoDB DEFAULT CHARSET=latin1;

--
-- Dumping data for table `master_jft`
--

INSERT INTO `master_jft` (`id`, `rumpun_id`, `jabatan_kategori_id`, `nama`, `golongan_awal_id`, `golongan_akhir_id`, `batas_usia_pensiun`, `skill`, `kode_jabatan`, `kelas`, `type`, `syarat`, `created_at`, `updated_at`) VALUES
(2, 0, 0, 'JF Analis Kepegawaian Pelaksana', 1, 1, 58, 'Terampil', '3.000.06.001', 6, 'TERTENTU', NULL, '2021-01-07 09:53:10', '2021-01-07 09:53:10'),
(3, 0, 0, 'Analis Adaptasi Dampak Perubahan Iklim', 9, 13, 58, '', '2.000.07.001', 7, 'UMUM', '-', '2021-01-07 10:19:09', '2021-01-07 10:19:09');

-- --------------------------------------------------------

--
-- Table structure for table `master_jurusan`
--

CREATE TABLE `master_jurusan` (
  `id` int(11) NOT NULL,
  `nama` varchar(255) DEFAULT NULL
) ENGINE=InnoDB DEFAULT CHARSET=latin1;

--
-- Dumping data for table `master_jurusan`
--

INSERT INTO `master_jurusan` (`id`, `nama`) VALUES
(1, 'Sosial'),
(2, 'IPA'),
(3, 'Ilmu Pemerintahan'),
(4, 'Manajemen Pemerintahan Daerah'),
(5, 'Keperawatan'),
(6, 'Sastra Sosial Budaya'),
(7, 'Akuntansi'),
(8, 'Tata Buku'),
(9, 'Sekolah Dasar'),
(10, 'IPS'),
(11, 'PGSD'),
(12, 'Manajemen Pemasaran'),
(13, 'Software'),
(14, 'Ekonomi'),
(15, 'Teknik Industri'),
(16, 'Bahasa Jepang'),
(17, 'Keuangan'),
(18, 'MOTOR DAN RANGKA'),
(19, 'MANAJEMEN KEUANGAN'),
(20, 'Manajemen (Sumberdaya Manusia) SDM'),
(21, 'Administrasi perkantoran'),
(22, 'Fisika'),
(23, 'Administrasi Negara'),
(24, 'Profesi Akuntansi'),
(25, 'Teknik Elektro'),
(26, 'Kedokteran Gigi'),
(27, 'Analis Komputer'),
(28, 'Kearsipan'),
(29, 'Manajemen Pembangunan Daerah'),
(30, 'Kedokteran Umum'),
(31, 'sistem informasi'),
(32, 'Manajemen Informatika'),
(33, 'Informasi Komputer dan Manajemen'),
(34, 'Bahasa dan sastra Arab'),
(35, 'Tata Niaga'),
(36, 'Ilmu Gizi Medik'),
(37, 'Komunikasi Bisnis'),
(38, 'Instalasi Listrik'),
(39, 'Pendidikan Bahasa dan Seni'),
(40, 'Ilmu Penerangan'),
(41, 'Teknik Mesin'),
(42, 'Teknik Informatika'),
(43, 'Pendidikan Luar Sekolah (PLS)'),
(44, 'KESEJAHTERAAN SOSIAL'),
(45, 'Manajemen Keuangan dan Perbankan'),
(46, 'Ilmu Pendidikan'),
(47, 'BIOLOGI'),
(48, 'ALLAJR'),
(49, 'Studi Pembangunan'),
(50, 'Keperdataan'),
(51, 'Kebijakan Publik'),
(52, 'Transportasi'),
(53, 'Manajemen.'),
(54, 'Sosial Ekonomi Pertanian'),
(55, 'Teknik Lingkungan'),
(56, 'Hukum Pidana'),
(57, 'Hukum Bisnis'),
(58, 'Hukum.'),
(59, 'Komunikasi Massa'),
(60, 'Proteksi Tanaman'),
(61, 'Manajemen Penyuluhan'),
(62, 'Ekonomi Perusahaan'),
(63, 'Ilmu Lingkungan'),
(64, 'Produksi'),
(65, 'Manajemen SDA'),
(66, 'Bangunan Gedung'),
(67, 'Pidana Perdata'),
(68, 'Pendidikan Dasar'),
(69, 'Administrasi Supervisi'),
(70, 'Bahasa Inggris'),
(71, 'Administrasi Pendidikan'),
(72, 'Hubungan Internasional'),
(73, 'International Communication'),
(74, 'MANAJEMEN PENDIDIKAN'),
(75, 'Ilmu Hubungan Masyarakat'),
(76, 'Perpajakan'),
(77, 'Keuangan Daerah'),
(78, 'Hukum Perdata'),
(79, 'Magister Sistem & Teknik Transportasi'),
(80, 'AUTO DIESEL'),
(81, 'Karawitan'),
(82, 'Ilmu Sosial'),
(83, 'Ekonomi Pembangunan'),
(84, 'Psikologi Pendidikan dan Bimbingan'),
(85, 'Manajemen Strategik'),
(86, 'Ushuludin'),
(87, 'Antropologi'),
(88, 'MIPA'),
(89, 'Statistika'),
(90, 'Teknik Penyehatan'),
(91, 'Manajemen Aset'),
(92, 'Planologi'),
(93, 'Ekonomi Kesehatan'),
(94, 'Resources Engineering'),
(95, 'Administrasi Publik'),
(96, 'Teknologi Kelautan'),
(97, 'Manajemen Personalia'),
(98, 'Teknik Arsitektur'),
(99, 'Ekonomi Manajemen'),
(100, 'Ekofisiologi Tanaman'),
(101, 'Budidaya Pertanian'),
(102, 'Ilmu Administrasi'),
(103, 'Perencanaan Kota dan Daerah'),
(104, 'Arsitektur Pertamanan'),
(105, 'Teknik Pertanian'),
(106, 'Pendidikan Agama Islam'),
(107, 'Ilmu Sosial dan Politik'),
(108, 'Marketing'),
(109, 'Teknik Sipil'),
(110, 'Teknik Jalan Raya'),
(111, 'Listrik.'),
(112, 'Ilmu Komunikasi'),
(113, 'Teknik Geologi'),
(114, 'Urban Management'),
(115, 'Bimbingan Konseling'),
(116, 'Teknologi Sanitasi'),
(117, 'Kesehatan Masyarakat'),
(118, 'Kebijakan dan Manajemen Pelayanan Kesehatan'),
(119, 'Sumber Daya Masyarakat'),
(120, 'Tours and Travel'),
(121, 'Manajemen Bisnis'),
(122, 'Pembangunan Masyarakat Desa'),
(123, 'Sumber Daya Manusia'),
(124, 'Humas / Public Relation'),
(125, 'Bahasa dan Sastra Sunda'),
(126, 'Bahasa Indonesia'),
(127, 'Pembangunan Desa'),
(128, 'Manajemen Program Pembangunan'),
(129, 'Manajemen Perkantoran'),
(130, 'Perbandingan Agama'),
(131, 'Sosiologi'),
(132, 'Olahraga'),
(133, 'Perbankan.'),
(134, 'Bahasa dan Sastra Inggris'),
(135, 'PERTANIAN KEAHLIAN GIZI'),
(136, 'Jurnalistik'),
(137, 'Pendidikan Seni Rupa'),
(138, 'Sastra Asia Barat'),
(139, 'Manajemen Perekonomian Negara'),
(140, 'Seni Tari'),
(141, 'Psikologi Sosial'),
(142, 'Tata Negara'),
(143, 'Tafsir Hadits'),
(144, 'Hama dan Penyakit Tumbuhan'),
(145, 'Kedokteran Hewan'),
(146, 'Agrobisnis/agronomi'),
(147, 'TEKNIK GEODESI'),
(148, 'Dakwah'),
(149, 'Peternakan'),
(150, 'Administrasi Niaga'),
(151, 'Kimia Tekstil'),
(152, 'Teknik Tekstil'),
(153, 'Manajemen Industri.'),
(154, 'Manajemen Perusahaan'),
(155, 'Teknologi Pangan'),
(156, 'Koperasi'),
(157, 'Perikanan'),
(158, 'Hukum Tata Negara dan OTDA'),
(159, 'Mesin Konstruksi'),
(160, 'Manajemen Teknik'),
(161, 'Produksi Ternak'),
(162, 'Gizi Masyarakat'),
(163, 'Kedokteran Spesialis Anak'),
(164, 'Komputer Akuntansi'),
(165, 'Manejemen Administrasi Rumah Sakit (MARS)'),
(166, 'Hukum Internasional'),
(167, 'Penerangan Propaganda'),
(168, 'Pendidikan Ekonomi'),
(169, 'Informasi Kesehatan'),
(170, 'Matematika'),
(171, 'Perencanaan Wilayah dan Kota'),
(172, 'Syariah'),
(173, 'Psikologi.'),
(174, 'Pengembangan Masyarakat'),
(175, 'Geografi'),
(176, 'Kimia.'),
(177, 'PPKN'),
(178, 'Perhotelan'),
(179, 'Mesin Produksi'),
(180, 'POLITIK PEMERINTAHAN'),
(181, 'STN Mesin'),
(182, 'STM Mesin'),
(183, 'SMEA Tata Buku'),
(184, 'Ilmu komputer'),
(185, 'Teknik Komputer'),
(186, 'Kebidanan'),
(187, 'Administrasi Bisnis'),
(188, 'Administrasi Pertanahan'),
(189, 'Sekretaris'),
(190, 'Bahasa Jerman'),
(191, 'Rekam Medis'),
(192, 'kesehatan lingkungan'),
(193, 'Sains Bidang Pertahanan');

-- --------------------------------------------------------

--
-- Table structure for table `master_kabupaten`
--

CREATE TABLE `master_kabupaten` (
  `id` int(11) NOT NULL,
  `propinsi_id` int(11) DEFAULT NULL,
  `nama` varchar(255) DEFAULT NULL
) ENGINE=InnoDB DEFAULT CHARSET=latin1;

--
-- Dumping data for table `master_kabupaten`
--

INSERT INTO `master_kabupaten` (`id`, `propinsi_id`, `nama`) VALUES
(1, 1, 'Kab. Aceh selatan'),
(2, 1, 'Kab. Aceh Tenggara'),
(3, 1, 'Kab. Aceh Timur'),
(4, 1, 'Kab. Aceh Tengah'),
(5, 1, 'Kab. Aceh Barat'),
(6, 1, 'Kab. Aceh besar'),
(7, 1, 'Kab. Pidie'),
(8, 1, 'Kab. Aceh Utara'),
(9, 1, 'Kab. Bireun'),
(10, 1, 'Kab. Aceh Singkil'),
(11, 1, 'Kab. Simeuleu'),
(12, 1, 'Kab. Banda Aceh'),
(13, 1, 'Kab. Sabang'),
(14, 1, 'Kab. Lhokseumawe'),
(15, 1, 'Kab. Langsa'),
(16, 2, 'Kab. Nias'),
(17, 2, 'Kab. Tapanuli Selatan'),
(18, 2, 'Kab. Tapanuli Tengah'),
(19, 2, 'Kab. Tapanuli Utara'),
(20, 2, 'Kab. Labuhan Batu'),
(21, 2, 'Kab. Asahan'),
(22, 2, 'Kab. Simalungun'),
(23, 2, 'Kab. Dairi'),
(24, 2, 'Kab. Karo'),
(25, 2, 'Kab. Deli Serdang'),
(26, 2, 'Kab. Langkat'),
(27, 2, 'Kab. Toba Sanosir'),
(28, 2, 'Kab. Mandailing Natal'),
(29, 2, 'Kota. Sibolga'),
(30, 2, 'Kota. Tanjung balai'),
(31, 2, 'Kota. P. Siantar'),
(32, 2, 'Kota. Tebing Tinggi'),
(33, 2, 'Kota. Medan'),
(34, 2, 'Kota. Binjai'),
(35, 2, 'Kota. P. Sidempuan'),
(36, 3, 'Kab. Pesisir Selatan'),
(37, 3, 'Kab. Solok'),
(38, 3, 'Kab. Sawah Lunto'),
(39, 3, 'Kab. Tanah Datar'),
(40, 3, 'Kab. Padang pariaman'),
(41, 3, 'Kab. Agam'),
(42, 3, 'Kab. Limapuluhkota'),
(43, 3, 'Kab. Pasaman'),
(44, 3, 'Kab. Kepulauwan Mentawai'),
(45, 3, 'Kota Padang'),
(46, 3, 'Kota. Solok'),
(47, 3, 'Kota. Sawah Lunto'),
(48, 3, 'Kota. Padang Panjang'),
(49, 3, 'Kota. Bukit Tinggi'),
(50, 3, 'Kota. Payakumbuh'),
(51, 4, 'Kab. Indragiri Hulu'),
(52, 4, 'Kab. Indragiri Hilir'),
(53, 4, 'Kab. Kepulauwan Riau'),
(54, 4, 'Kab.Kampar'),
(55, 4, 'Kab. Bengkalis'),
(56, 4, 'Kab. Karimun'),
(57, 4, 'Kab. Kuantan Singingi'),
(58, 4, 'Kab. Natuna'),
(59, 4, 'Kab. Siak'),
(60, 4, 'Kab.Rokan Hilir'),
(61, 4, 'Kab.Rokan Hulu'),
(62, 4, 'Kab. Palalawan'),
(63, 4, 'Kota.Pekanbaru'),
(64, 4, 'Kota. Batam'),
(65, 4, 'Kota. Dumai'),
(66, 4, 'Kota. Tanjung Pinang'),
(67, 5, 'Kab. Kerinci'),
(68, 5, 'Kab. Batanghari'),
(69, 5, 'Kab. Sarolangun'),
(70, 5, 'Kab. Merangin'),
(71, 5, 'Kab. Tanj. Jabung Timur'),
(72, 5, 'Kab. Tanj. Jabung Barat'),
(73, 5, 'Kab. Muaro Jambi'),
(74, 5, 'Kab. Bungo'),
(75, 5, 'Kab. Tebo'),
(76, 5, 'Kota Jambi'),
(77, 6, 'Kab. Ogan Komering Ulu'),
(78, 6, 'Kab. Ogan Komering Ilir'),
(79, 6, 'Kab. Muara Enim'),
(80, 6, 'Kab. Lahat'),
(81, 6, 'Kab. Musi Rawas'),
(82, 6, 'Kab. Musi Banyuasin'),
(83, 6, 'Kota Palembang'),
(84, 6, 'Kota Prabumulih'),
(85, 6, 'Kota Pagaralam'),
(86, 6, 'Kota Lubuk Linggau'),
(87, 7, 'Kab. Bengkulu Selatan'),
(88, 7, 'Kab. Rejanglebong'),
(89, 7, 'Kab. Bengkulu Utara'),
(90, 7, 'Kota Bengkulu'),
(91, 8, 'Kab. Lampung Selatan'),
(92, 8, 'Kab. Lampung Tengah'),
(93, 8, 'Kab. Lampung Utara'),
(94, 8, 'Kab. Lampung Barat'),
(95, 8, 'Kab. Tanggamus'),
(96, 8, 'Kab. Tulang Bawang'),
(97, 8, 'Kab. Lampung Timur'),
(98, 8, 'Kab. Way Kanan'),
(99, 8, 'Kota Bandar Lampung'),
(100, 8, 'Kota Metro'),
(101, 9, 'Kab. Bangka'),
(102, 9, 'Kab. Belitung'),
(103, 9, 'Kota Pangkal Pinang'),
(104, 10, 'Kab. Pandeglang'),
(105, 10, 'Kab. Lebak'),
(106, 10, 'Kab. Tangerang'),
(107, 10, 'Kab. Serang'),
(108, 10, 'Kota Tangerang'),
(109, 10, 'Kota Cilegon'),
(110, 11, 'Jakarta Selatan'),
(111, 11, 'Jakarta Timur'),
(112, 11, 'Jakarta Pusat'),
(113, 11, 'Jakarta Barat'),
(114, 11, 'Jakarta Utara'),
(115, 12, 'Kab. Bogor'),
(116, 12, 'Kab. Sukabumi'),
(117, 12, 'Kab. Cianjur'),
(118, 12, 'Kab. Bandung'),
(119, 12, 'Kab. Garut'),
(120, 12, 'Kab. Tasikmalaya'),
(121, 12, 'Kab. Ciamis'),
(122, 12, 'Kab. Kuningan'),
(123, 12, 'Kab. Cirebon'),
(124, 12, 'Kab. Majalengka'),
(125, 12, 'Kab. Sumedang'),
(126, 12, 'Kab. Indramayu'),
(127, 12, 'Kab. Subang'),
(128, 12, 'Kab. Purwakarta'),
(129, 12, 'Kab. Karawang'),
(130, 12, 'Kab. Bekasi'),
(131, 12, 'Kota Bogor'),
(132, 12, 'Kota Sukabumi'),
(133, 12, 'Kota Bandung'),
(134, 12, 'Kota Cirebon'),
(135, 12, 'Kota Bekasi'),
(136, 12, 'Kota Depok'),
(137, 12, 'Kota Cimahi'),
(138, 12, 'Kota Tasikmalaya'),
(139, 13, 'Kab. Cilacap'),
(140, 13, 'Kab. Banyumas'),
(141, 13, 'Kab. Purbalingga'),
(142, 13, 'Kab. Banjarnegara'),
(143, 13, 'Kab. Kabumen'),
(144, 13, 'Kab. Purworejo'),
(145, 13, 'Kab. Wonosobo'),
(146, 13, 'Kab. Magelang'),
(147, 13, 'Kab. Boyolali'),
(148, 13, 'Kab. Klaten'),
(149, 13, 'Kab. Sukoharjo'),
(150, 13, 'Kab. Wonogiri'),
(151, 13, 'Kab. Karanganyar'),
(152, 13, 'Kab. Sragen'),
(153, 13, 'Kab. Grobogan'),
(154, 13, 'Kab. Blora'),
(155, 13, 'Kab. Rembang'),
(156, 13, 'Kab. Pati'),
(157, 13, 'Kab. Kudus'),
(158, 13, 'Kab. Jepara'),
(159, 13, 'Kab. Demak'),
(160, 13, 'Kab. Semarang'),
(161, 13, 'Kab. Temanggung'),
(162, 13, 'Kab. Kendal'),
(163, 13, 'Kab. Batang'),
(164, 13, 'Kab. Pkalongan'),
(165, 13, 'Kab. Malang'),
(166, 13, 'Kab. Tegal'),
(167, 13, 'Kab. Brebes'),
(168, 13, 'Kota Magelang'),
(169, 13, 'Kota Surakarta'),
(170, 13, 'Kota Salatiga'),
(171, 13, 'Kota Semarang'),
(172, 13, 'Kota pekalongan'),
(173, 13, 'Kota Tegal'),
(174, 14, 'Kab. Kulonprogo'),
(175, 14, 'Kab. Bantul'),
(176, 14, 'Kab. Gunungkidul'),
(177, 14, 'Kab. Sleman'),
(178, 14, 'Kota Yogyakarta'),
(179, 15, 'Kab. Pacitan'),
(180, 15, 'Kab. Ponorogo'),
(181, 15, 'Kab. Trenggalek'),
(182, 15, 'Kab. Tulungagung'),
(183, 15, 'Kab. Blitar'),
(184, 15, 'Kab. Kediri'),
(185, 15, 'Kab. Malang'),
(186, 15, 'Kab. Lumajang'),
(187, 15, 'Kab. Jember'),
(188, 15, 'Kab. Banyuwangi'),
(189, 15, 'Kab. Bondowoso'),
(190, 15, 'Kab. Situbondo'),
(191, 15, 'Kab. Probolinggo'),
(192, 15, 'Kab. Pasuruan'),
(193, 15, 'Kab. Sidoarjo'),
(194, 15, 'Kab. Mojokerto'),
(195, 15, 'Kab. Jombang'),
(196, 15, 'Kab. Nganjuk'),
(197, 15, 'Kab. Madiun'),
(198, 15, 'Kab. Magetan'),
(199, 15, 'Kab. Ngawi'),
(200, 15, 'Kab. Bojonegoro'),
(201, 15, 'Kab. Tuban'),
(202, 15, 'Kab. Lamongan'),
(203, 15, 'Kab. Gresik'),
(204, 15, 'Kab. Bangkalan'),
(205, 15, 'Kab. Sampang'),
(206, 15, 'Kab. Pamekasan'),
(207, 15, 'Kab. Sumenep'),
(208, 15, 'Kota Kediri'),
(209, 15, 'Kota Blitar'),
(210, 15, 'Kota Malang'),
(211, 15, 'Kota Probolinggo'),
(212, 15, 'Kota Pasuruan'),
(213, 15, 'Kota Mojokerto'),
(214, 15, 'Kota Madiun'),
(215, 15, 'Kota Surabaya'),
(216, 15, 'Kota Batu'),
(217, 16, 'Kab. Jembrana'),
(218, 16, 'Kab. Tabanan'),
(219, 16, 'Kab. Badung'),
(220, 16, 'Kab. Gianyar'),
(221, 16, 'Kab. Klungkung'),
(222, 16, 'Kab. Bangli'),
(223, 16, 'Kab. Karangasem'),
(224, 16, 'Kab. Buleleng'),
(225, 16, 'Kota Denpasar'),
(226, 17, 'Kab. Lombok barat'),
(227, 17, 'Kab. Lombok Tengah'),
(228, 17, 'Kab. Lombok Timur'),
(229, 17, 'Kab. Sumbawa'),
(230, 17, 'Kab. Dompu'),
(231, 17, 'Kab. Bima'),
(232, 17, 'Kota Mataram'),
(233, 18, 'Kab. Sumba Barat'),
(234, 18, 'Kab. Sumba Timur'),
(235, 18, 'Kab. Kupang'),
(236, 18, 'Kab. Timor Tengah Sel'),
(237, 18, 'Kab. Timor tengah Utara'),
(238, 18, 'Kab. Belu'),
(239, 18, 'Kab. Alor'),
(240, 18, 'Kab. Flores Timur'),
(241, 18, 'Kab. Sikka'),
(242, 18, 'Kab. Ende'),
(243, 18, 'Kab. Ngada'),
(244, 18, 'Kab. Manggarai'),
(245, 18, 'Kab. Lembata'),
(246, 18, 'Kota  Kupang'),
(247, 19, 'Kab. Sambas'),
(248, 19, 'Kab. Pontianak'),
(249, 19, 'Kab. Sanggau'),
(250, 19, 'Kab. Ketapang'),
(251, 19, 'Kab. Sintang'),
(252, 19, 'Kab. Kapuas Hulu'),
(253, 19, 'Kab. Bengkayang'),
(254, 19, 'Kab. Landak'),
(255, 19, 'Kota Pontianak'),
(256, 19, 'Kota Singkawang'),
(257, 20, 'Kab. Kota Waringin  Barat'),
(258, 20, 'Kab. Kota Waringin Timur'),
(259, 20, 'Kab. Kapuas'),
(260, 20, 'Kab. Barito selatan'),
(261, 20, 'Kab. Barito Utara'),
(262, 20, 'Kota Palangkaraya'),
(263, 21, 'Kab. Tanah laut'),
(264, 21, 'Kab. Kota Baru'),
(265, 21, 'Kab. Banjar'),
(266, 21, 'Kab. Barito Kuala'),
(267, 21, 'Kab. Tapin'),
(268, 21, 'Kab. Hulu Sei Selatan'),
(269, 21, 'Kab. Hulu Sei Tengah'),
(270, 21, 'Kab. Hulu Sei Utara'),
(271, 21, 'Kab. Tabalong'),
(272, 21, 'Kota Banjarmasin'),
(273, 21, 'Kota Banjar Baru'),
(274, 22, 'Kab. Pasir'),
(275, 22, 'Kab. Kutai'),
(276, 22, 'Kab. Berau'),
(277, 22, 'Kab. Bulungan'),
(278, 22, 'Kab. Nunukan'),
(279, 22, 'Kab. Kutai timur'),
(280, 22, 'Kab. Malinau'),
(281, 22, 'Kab. Kutai Barat'),
(282, 22, 'Kota Balikpapan'),
(283, 22, 'Kota Samarinda'),
(284, 22, 'Kota Tarakan'),
(285, 22, 'Kota Bontang'),
(286, 23, 'Kab. Gorontalo'),
(287, 23, 'Kab. Boalemo'),
(288, 23, 'Kota Gorontalo'),
(289, 24, 'Kab.Bolaang Mongondow'),
(290, 24, 'Kab. Minahasa'),
(291, 24, 'Kab. Sangihe Talaud'),
(292, 24, 'Kota Manado'),
(293, 24, 'Kota Bitung'),
(294, 25, 'Kab. Poso'),
(295, 25, 'Kab. Donggala'),
(296, 25, 'Kab. Banggai Kepulauan'),
(297, 25, 'Kab. Banggai'),
(298, 25, 'Kab. Buol'),
(299, 25, 'Kab. Toli-Toli'),
(300, 25, 'Kab. Morowali'),
(301, 25, 'Kota Palu'),
(302, 26, 'Kab. Selayar'),
(303, 26, 'Kab. Bulukumba'),
(304, 26, 'Kab. Bantaeng'),
(305, 26, 'Kab. Jeneponto'),
(306, 26, 'Kab. Takalar'),
(307, 26, 'Kab. Gowa'),
(308, 26, 'Kab. Sinjai'),
(309, 26, 'Kab. Bone'),
(310, 26, 'Kab. Maros'),
(311, 26, 'Kab. Pangkajene Kep'),
(312, 26, 'Kab. Barru'),
(313, 26, 'Kab. Soppeng'),
(314, 26, 'Kab. Wajo'),
(315, 26, 'Kab. Sidenreng Rappang'),
(316, 26, 'Kab. Pinrang'),
(317, 26, 'Kab. Enrekang'),
(318, 26, 'Kab. Luwu'),
(319, 26, 'Kab. Tana Toraja'),
(320, 26, 'Kab. Polewali Mamasa'),
(321, 26, 'Kab. Majene'),
(322, 26, 'Kab. Mamuju'),
(323, 26, 'Kab. Luwu utara'),
(324, 26, 'Kota Makassar'),
(325, 26, 'Kota Pare-pare'),
(326, 27, 'Kab. Buton'),
(327, 27, 'Kab. Muna'),
(328, 27, 'Kab. Kendari'),
(329, 27, 'Kab. Kolaka'),
(330, 27, 'Kota Kendari'),
(331, 27, 'Kota Bau-bau'),
(332, 28, 'Kab. Maluku Tenggara'),
(333, 28, 'Kab. Maluku Tengah'),
(334, 28, 'Kab. Buru'),
(335, 28, 'Kab. Maluku Tenggara. Barat'),
(336, 28, 'Kota Ambon '),
(337, 29, 'Kab. Maluku Utara'),
(338, 29, 'Kab. Halmahera Tengah Utara'),
(339, 29, 'Kota Ternate Utara'),
(340, 30, 'Kab. Jayapura'),
(341, 30, 'Kab. Jayawijaya'),
(342, 30, 'Kab. Puncak Jaya'),
(343, 30, 'Kab. Merauke'),
(344, 30, 'Kab. Jayapura'),
(345, 30, 'Kab. Biak Numfor'),
(346, 30, 'Kab. Yapen Waropen'),
(347, 30, 'Kab. Timika'),
(348, 30, 'Kab. Nabire'),
(349, 30, 'Kab. Panilai'),
(350, 30, 'Kab. Sorong'),
(351, 30, 'Kab. Manokwari'),
(352, 30, 'Kab. Fak-fak'),
(353, 30, 'Kota Sorong'),
(354, 31, 'Luar Negeri'),
(360, 12, 'Kab. Bandung Barat'),
(362, 10, 'Kota Tangerang Selatan'),
(363, 32, 'Kota Serang'),
(364, 5, 'Kota Sungai Penuh');

-- --------------------------------------------------------

--
-- Table structure for table `master_kategori_pendidikan`
--

CREATE TABLE `master_kategori_pendidikan` (
  `id` int(11) NOT NULL,
  `gol_awal` int(11) DEFAULT NULL,
  `gol_akhir` int(11) DEFAULT NULL,
  `tingkat_pendidikan_id` int(11) DEFAULT NULL,
  `nama` varchar(255) DEFAULT NULL
) ENGINE=InnoDB DEFAULT CHARSET=latin1;

--
-- Dumping data for table `master_kategori_pendidikan`
--

INSERT INTO `master_kategori_pendidikan` (`id`, `gol_awal`, `gol_akhir`, `tingkat_pendidikan_id`, `nama`) VALUES
(1, 1, 5, 1, 'SD'),
(2, 5, 10, 3, 'SLTA Kejuruan'),
(3, 5, 10, 3, 'SLTA Umum'),
(4, 3, 7, 2, 'SLTP Umum'),
(5, 3, 8, 2, 'SLTP Kejuruan'),
(6, 6, 10, 5, 'D2'),
(7, 7, 11, 6, 'D3'),
(8, 9, 12, 7, 'D4'),
(9, 9, 12, 8, 'S1 Non Profesi'),
(10, 10, 13, 8, 'S1 Profesi'),
(11, 10, 13, 9, 'S2'),
(12, 11, 14, 10, 'S3'),
(13, 3, 10, 4, 'D1'),
(14, 9, 12, NULL, 'Pekerjaan Sosial');

-- --------------------------------------------------------

--
-- Table structure for table `master_kecamatan`
--

CREATE TABLE `master_kecamatan` (
  `id` int(11) NOT NULL,
  `kabupaten_id` int(11) DEFAULT NULL,
  `nama` varchar(255) DEFAULT NULL
) ENGINE=InnoDB DEFAULT CHARSET=latin1;

--
-- Dumping data for table `master_kecamatan`
--

INSERT INTO `master_kecamatan` (`id`, `kabupaten_id`, `nama`) VALUES
(1, 67, 'Kayu Aro Barat'),
(2, 67, 'Siulak Mukai'),
(3, 67, 'Air Hangat Barat'),
(4, 67, 'Bukit Kerman'),
(5, 67, 'Depati Tujuh'),
(6, 67, 'Siulak'),
(7, 67, 'Gunung Tujuh'),
(8, 67, 'Air Hangat Timur'),
(9, 67, 'Keliling Danau'),
(10, 67, 'Batang Merangin'),
(11, 67, 'Kayu Aro'),
(12, 67, 'Gunung Kerinci'),
(13, 67, 'Air Hangat'),
(14, 67, 'Sitinjau Laut'),
(15, 67, 'Danau Kerinci'),
(16, 67, 'Gunung Raya'),
(17, 364, 'Hamparan Rawang'),
(18, 364, 'Kumun Debai'),
(19, 364, 'Pesisir Bukit'),
(20, 364, 'Sungai Penuh'),
(21, 364, 'Tanah Kampung'),
(22, 364, 'Sungai Bungkal'),
(23, 364, 'Koto Baru'),
(24, 364, 'Pondok Tinggi'),
(25, 67, 'Danau Kerinci Barat');

-- --------------------------------------------------------

--
-- Table structure for table `master_pendidikan`
--

CREATE TABLE `master_pendidikan` (
  `id` int(11) NOT NULL,
  `kategori_pendidikan_id` int(11) NOT NULL,
  `nama` varchar(100) NOT NULL
) ENGINE=InnoDB DEFAULT CHARSET=utf8mb4;

--
-- Dumping data for table `master_pendidikan`
--

INSERT INTO `master_pendidikan` (`id`, `kategori_pendidikan_id`, `nama`) VALUES
(1, 1, 'SD'),
(2, 1, 'SD Persamaan'),
(3, 1, 'Sejarah'),
(4, 1, 'MI'),
(5, 4, 'SMEP'),
(6, 4, 'ST Bangunan'),
(7, 4, 'KPA Tingkat Pertama'),
(8, 4, 'Paket B (SMP Persamaan)'),
(9, 4, 'SKKP'),
(10, 4, 'ST/STN'),
(11, 4, 'Persamaan SLTP'),
(12, 4, 'MTS'),
(13, 4, 'Sejarah'),
(14, 4, 'SMP (SLTP)'),
(15, 5, 'PSGB'),
(16, 5, 'PGA'),
(17, 5, 'SPKC');

-- --------------------------------------------------------

--
-- Table structure for table `master_penghargaan`
--

CREATE TABLE `master_penghargaan` (
  `id` int(11) NOT NULL,
  `nama` varchar(255) DEFAULT NULL
) ENGINE=InnoDB DEFAULT CHARSET=latin1;

--
-- Dumping data for table `master_penghargaan`
--

INSERT INTO `master_penghargaan` (`id`, `nama`) VALUES
(1, 'Bintang Republik Indonesia Adipurna'),
(2, 'Bintang Republik Indonesia Adipradana'),
(3, 'Bintang Republik Indonesia Utama'),
(4, 'Bintang Republik Indonesia Pratama'),
(5, 'Bintang Republik Indonesia Nararya'),
(6, 'Bintang Mahaputera Adipurna'),
(7, 'Bintang Mahaputera Adipradana'),
(8, 'Bintang Mahaputera Utama'),
(9, 'Bintang Mahaputera Pratama'),
(10, 'Bintang Mahaputera Nararya'),
(11, 'Bintang Jasa Utama'),
(12, 'Bintang Jasa Pratama'),
(13, 'Bintang Jasa Nararya'),
(14, 'Bintang Kemanusiaan'),
(15, 'Bintang Penegak Demokrasi Utama'),
(16, 'Bintang Penegak Demokrasi Pratama'),
(17, 'Bintang Penegak Demokrasi Nararya'),
(18, 'Bintang Budaya Parama Dharma'),
(19, 'Bintang Bhayangkara Utama'),
(20, 'Bintang Bhayangkara Pratama'),
(21, 'Bintang Bhayangkara Nararya'),
(22, 'Satyalancana Karya Satya 10 Tahun'),
(23, 'Satyalancana Karya Satya 20 Tahun'),
(24, 'Satyalancana Karya Satya 30 Tahun'),
(25, 'Masa Pengabdian Ke-27'),
(26, 'Dharma Wanita'),
(27, 'Piagam DPD Golkar'),
(28, 'Piagam HUT Korpri'),
(29, 'Penataran'),
(30, 'Ucapan Terima Kasih'),
(31, 'Golongan Karya'),
(32, 'Lomba Mengajar Tingkat Kecamatan'),
(33, 'Guru Pamong Mahasiswa PPL IKIP Bandung'),
(34, 'Kurikulum Muatan Lokal'),
(35, 'PPL Mahasiswa IKIP'),
(36, 'Piagam Pembina Penataran Tingkat Kotamadya Tipe C'),
(37, 'Penataran Mengajar'),
(38, 'Pembinaan Pramuka Terbaik'),
(39, 'Panitia Pelaksana Olympiade Matematika'),
(40, 'Piagam Penghargaan Diskusi Publik RUU Kearsipan'),
(41, 'Pengelola KB Teladan Tingkat Kota Bandung'),
(42, 'Pengelola KB Teladan Tingkat Prov. Jabar'),
(43, 'Pengelola KB Teladan Tingkat Nasional'),
(44, 'Workshop Best Practises Reformasi Birokrasi'),
(45, 'Penyelenggaraan Pemilu'),
(46, 'Penataran P4 Type B'),
(47, 'Penataran Kesekretariatan Korpri'),
(48, 'Penataran P4 Calon Penatar'),
(49, 'Penataran P4 Calon Penatar Kontekstual'),
(50, 'TANDA KESETIAAN WINDU KARYA KENCANA'),
(51, 'Penyegaran Kader Fungsional Golongan Karya'),
(52, 'Penataran Calon Fasilitator Simulasi P4'),
(53, 'SIJIL Penyertaan'),
(54, 'Program Kependudukan & KB Lestari'),
(55, 'SEAPAVAA'),
(56, 'Menunaikan Ibadah Haji Tahun 1417 H'),
(57, 'Guru Teladan II Komponen Guru SD'),
(58, 'Sertifikasi Penghargaan Sahabat Aku Anak Sekolah'),
(59, 'PERINGKAT 1 (SATU) DIKLATPIM IV AKT.120'),
(60, 'Lurah Terbaik se Kecamatan Sumur Bandung'),
(61, 'Donor Darah Ke-50 Kali'),
(62, 'Lurah Terbaik 1 Kota Bandung 2007'),
(63, 'Lurah Terbaik Teladan 2 Jawa Barat'),
(64, 'Piagam Pembina Kepemudaan'),
(65, 'P4 PEGAWAI RI DI LINGKUNGAN PEMKOT BANDUNG'),
(66, 'Bintang Legiun Veteran RI'),
(67, 'Lencana Darma Bakti'),
(68, 'Lencana Pancawarsa II'),
(69, 'Medali Perjuangan Angkatan 45'),
(70, 'Pemenang Harapan III Fiksi SLTP Tk. Nasional'),
(71, 'Pemenang I Fiksi SMA Tk. Nasional'),
(72, 'Pemenang II Fiksi SMU Tk. Nasional'),
(73, 'Pemenang III Fiksi SMA Tk. Nasional'),
(74, 'Mahakarti Bhakti Nagari'),
(75, 'BINTANG KARTIKA ADHI KERTYASA I'),
(76, 'SAPTA ADHI PRAJA III'),
(77, 'UNGGULAN TOGA DAN POHON PELINDUNG JALAN'),
(78, 'Sosialisasi Putusan Majelis Permusyarawatn Rakyat RI'),
(79, 'Piagam Penghargaan dan Mendali Perjuangan Angkatan 45'),
(80, 'Ahli Pengadaan Nasional'),
(81, 'Awareness, Interpretation And Documentation Of ISO 9001:2008'),
(82, 'Donor Darah Ke-75 Kali'),
(83, 'Donor Darah Ke-100 Kali'),
(84, 'Donor Darah Ke-5 Kali'),
(85, 'Donor Darah Ke-15 Kali'),
(86, 'Anggota PANWASLAKEAM'),
(87, 'Sekretaris PANWASLAKEAM'),
(88, 'Bendahara Pemilu'),
(89, 'Penggalangan KORPRI'),
(90, 'Lembaga Pemilihan Umum'),
(91, 'Pantarlih'),
(92, 'Sosialisasi Hukum Waris Islam'),
(93, 'Piagam P4'),
(94, 'PIAGAM  P4 TERPADU KONTEKTUAL BAGI ESELON IV DAN V'),
(95, 'PIAGAM BULAN DANA PMI'),
(96, 'Juara II Petugas KB'),
(97, 'Cepat Tepat Perpajakan'),
(98, 'Instruktur Manajemen Koperasi'),
(99, 'Pemateri Diklat Kewirausahaan'),
(100, 'Penceramah Perkoperasian'),
(101, 'Narasumber'),
(102, 'Instruktur Departemen Sosial'),
(103, 'Analisa Kebijakan Sosial'),
(104, 'Fasilitasi Identifikasi Kawasan Kumuh'),
(105, 'Orientasi Lembaga Pemberdayaan Masyarakat'),
(106, 'Pendidikan Politik Generasi Muda'),
(107, 'Temu Karya koperasi Tk Nasional'),
(108, 'Penataran P4 Tk II Nasional'),
(109, 'Target PPBN Kodam III Siliwangi'),
(110, 'Tarjurkamda I Pemilu/1992'),
(111, 'Penyusun NKLD Terbaik ke-5 Tingkat Nasional'),
(112, 'TEMU PENTAS SEJAWA & LAMPUNG'),
(113, 'LOMBA PIDATO PEGAWAI TK JABAR'),
(114, 'LOMBA PIDATO DHARMA WANITA'),
(115, 'JAMBORE PENERANGAN IV'),
(116, 'PANITIA PEMILIHAN KEC (PPK) LENGKONG'),
(117, 'Donor darah,5,15,50 kali'),
(118, 'Ketua Komite Sekolah smp Kota Tk Jabar'),
(119, 'PENINGKATAN WAWASAN DAN KEMAMPUAN APARATUR KETENTRAMAN DAN KETERTIBAN DI BIDANG KEPENTINGAN UMUM'),
(120, 'TIM PENILAI LOMBA K3'),
(121, 'Petugas Sensus Pendidikan kota cirebon 2002'),
(122, 'Komisi Pemilihan Umum/Ketua KPPS'),
(123, 'Ahli Pengadaan Nasional (L2)'),
(124, 'Setifikat Penyusunan RTBL'),
(125, 'Program Kerja Magang dan pelatihan tekhnologi Pemakaman'),
(126, 'Pembinaan Penataran TK. II Tipe C'),
(127, 'Penyuluhan Layanan Pendidikan Anak'),
(128, 'Pengelolaan Gerakan KB Nasional Teladan Tingkat Kabupaten/KODYA'),
(129, 'Donor Darah ke-10 Kali'),
(130, 'Tim Kontrol Teknis Survey Asal-Tujuan Nasional'),
(131, 'Suvervisi Survey Asal-Tujuan Nasional'),
(132, 'Pegawai Teladan TK. Kanwil Dephub Prop Jabar'),
(133, 'Dokter Teladan'),
(134, 'Rekor Muri \\\"Festival Kesenian Jawa Barat\\\"'),
(135, 'Piagam Sebagai Peserta Dalam Rangka Mensukseskan Penyelenggaraan Motivasi Bidang Pariwisata'),
(136, 'Tugas Pembangunan Pertanian di Wilayah Propinsi Timor Timur'),
(137, 'Sosialisasi Putusan Majelis Permusyawaratan Rakyat RI'),
(138, 'Dokter Teladan Tingkat Kabupaten'),
(139, 'Dokter Teladan Tingkat Provinsi'),
(140, 'Revitalisasi Keluarga Sebagai Lembaga Budaya'),
(141, 'Pembangunan Kontigen Porseni Jabar'),
(142, 'Peranan Lembaga Kebudayaan dan Pariwisata'),
(143, 'Pembangunan PKTT'),
(144, 'Pembangunan Kebudayaan Daerah'),
(145, 'Festival Tari Kreasi Baru'),
(146, 'Linmas'),
(147, 'Gebyar Tahun Bahasa'),
(148, 'Piagam Penghargaan 1'),
(149, 'Sertifikat Peserta Bulan Bahasa dan Sastra'),
(150, 'Tenaga Kesehatan Teladan'),
(151, 'Lomba Kelurahan Tk. Kota'),
(152, 'Lomba Kelurahan Tk. Propinsi'),
(153, 'Pelatihan Praktek Administrasi Kecamatan'),
(154, 'Pelatihan Praktek Pelayanan Masyarakat Kecamatan'),
(155, 'Pelatihan Praktek Perencanaan dan Pengaggaran Kecamatan'),
(156, 'Karyawan Teladan Kec. Buah Batu'),
(157, 'Juara 1 P-4 Kontektual'),
(158, 'Piagam Tanda Kesetiaan'),
(159, 'Penataran Kep Desa/Kel dan Sekdes/Kel Se-PrianganTimur'),
(160, 'Gema Sabamo'),
(161, 'Manajemen Golbu'),
(162, 'Penataran Tingkat Kota Madya'),
(163, 'Mentri dalam negeri/Ketua Lembaga Pemilihan Umum'),
(164, 'Dewan Pim Daerah Golkar Kotamadya'),
(165, 'Pengurus Korpri Kotamadya'),
(166, 'Presiden Republik Indonesia'),
(167, 'KKN Unpad 1996'),
(168, 'Pelatihan Manajemen Usaha'),
(169, 'PEMILU 1992'),
(170, 'Lomba Cerdas Cermat Usia Lanjut'),
(171, 'Panitia Pendaftaran Pemilih'),
(172, 'Juara Bulutangkis Tunggal Putra'),
(173, 'Pelatihan PJOK'),
(174, 'Pengamanan Pemilu'),
(175, 'KULIAH KERJA NYATA 2004/2005'),
(176, 'GERAKAN MASYARAKAT SANTRI RAKSA MORAL'),
(177, 'BHAKTI SOSIAL KHITANAN MASSAL'),
(178, 'Panitia Riung Mumpulung'),
(179, 'Peserta Penyuluhan Hukum'),
(180, 'Juara 1 Pengelola Ke Teladanan Tingkat Kota Bandung'),
(181, 'PENDONOR DARAH PMI KE 5 KALI'),
(182, 'Rapat Pembahasan Akhir Pengembangan Kurikulum'),
(183, 'Sertifikat Keahlian Pengadaan Barang/Jasa Pemerintahan Kategori L4'),
(184, 'Rekor Muri \\\"Festival Kesenian Jawa Barat\\\"'),
(185, 'Rekor Muri \\\"Festival Kesenian Jawa Barat\\\"'),
(186, 'PESERTA PELATIHA SENAM JUMAT BERSIH TK KOTA'),
(187, 'LOKAKARYA BEROLAHRAGA YANG BAIK DAN BENAR'),
(188, 'Penataran P-4'),
(189, 'Latihan Integrasi Taruna Dewasa'),
(190, 'Pelatih Muda Praja IPDN'),
(191, 'Peningkatan Kualitas Kader Pimp. Pemerintahan DEPDAGRI'),
(192, 'Pemimpin Proyek Konstruksi P3DT'),
(193, 'Pemimpin Proyek Ormas Program P2 DIKDAS'),
(194, 'Ranking 2 DIKLAT SPAMA Angkatan 1'),
(195, 'surat penghargaan'),
(196, 'PARTSIPASI DALAM PELAKSANAAN PEMILU ANGGOTA DPR,DPD,DPRD,PEMILU PRESIDEN DAN WAPRES 2004'),
(197, 'Workshop Best Practices Reformasi Birokrasi'),
(198, 'City Government Planning'),
(199, 'Penataan Lingkungan Kantor'),
(200, 'Peringkat Terbaik Ke-8 SPAMA'),
(201, 'PORPEMDA Ke V TK Jawa Barat Th 2009'),
(202, 'STTPL Prajab CPNS Gol III Angkatan I/2008'),
(203, 'PASUKAN MARCHING BAND GITA ABADI PRAJA'),
(204, 'MAHASISWA TELADAN 3 INSTITUT ILMU PEMERINTAHAN'),
(205, 'PERINGKAT TERBAIK DIKLAT PRAJABATAN TK II'),
(206, 'PENYELENGGARAAN PERINGATAN 50 TAHUN KAA'),
(207, 'Sie VII LKMD'),
(208, 'Pencapaian Akseptor Baru Paling Banyak'),
(209, 'PENGELOLA PKK TK KECAMATAN SEJABAR JUARA UMUM'),
(210, 'ORIENTASI KB KESEHATAN'),
(211, 'PELAKSANAAN KEGIATAN PKK D KEC ARCAMANIK'),
(212, 'ORIENTASI PELATIHAN TP PKK'),
(213, 'PELAKSANAAN KESATUAN GERAK'),
(214, 'PENINGKATAN KUALIFIKASI GURU SD'),
(215, 'LOMBA MAKANAN TRADISIONAL'),
(216, 'Gerak jalan bandung lautan Api'),
(217, 'Pelatihan Senam Jumat bersih'),
(218, 'Juara 3 Dokter Puskesmas Teladan'),
(219, 'Palang Merah Indonesia'),
(220, 'Penghargaan atas partisipasi sebagai tim kesehatan dalam kegiatan JAMBORE Nasional VIII Tahun 2006'),
(221, 'Penghargaan sebagai tim kesehatan dalam kegiatan perkemahan bakti Nasional'),
(222, 'Kasubag TU Teladan'),
(223, 'Pembinaan Gema Saramo'),
(224, 'Kegiatan Braga Festival'),
(225, 'PNS Teladan Kota Bandung'),
(226, 'Panitia Pelaksana Jambore Nasional'),
(227, 'Seminar Sehari Seni Budaya Sunda Buhun'),
(228, 'Pelatihan Teknik Pengajaran Bahasa Inggris di SD'),
(229, 'Kunjungan Sekolah Ke Museum'),
(230, 'Guru Berprestasi'),
(231, 'Guru Teladan Peringkat III'),
(232, 'Pengawas berprestasi'),
(233, 'Manajemen K3S Kab. Tasikmalaya'),
(234, 'Panitia Sapta Lomba PAI Tk. Kota Bandung'),
(235, 'Peserta Pemilihan Guru Teladan Tk. Kota Bandung'),
(236, 'penyusunan karya ilmiah'),
(237, 'piagam course expo pnfi'),
(238, 'tim kesehatan haji indonesia di arab saudi'),
(239, 'Pekan Olah Raga Bekas Penyandang Kusta Nasional'),
(240, 'PT. Garuda Indonesia'),
(241, 'Pembimbing Lapangan Kegiatan Penyuluhan'),
(242, 'Petugas Lapangan KB'),
(243, 'Terbaik I Peserta TOT Manajemen Pendidikan'),
(244, 'Juara PLKB Teladan Tingkat Kota Bandung'),
(245, 'Pengelola KB Tingkat Kabupaten'),
(246, 'Laboratorium unit kerja stpdn jatinangor'),
(247, 'pembimbing teknis PKL Depnaker'),
(248, 'LPU Tingkat Kelurahan Campaka'),
(249, 'Pengabdian Guru 10 Tahun SMP K.Bhayangkari'),
(250, 'LOMBA PIDATO B.INGGRIS SEBAGAI DEWAN JURI'),
(251, 'JUARA KE I MENYANYI SOLO UNTUK PUTRI'),
(252, 'Panitia pasanggiri Kamampuh Basa & Sastra Sunda'),
(253, 'Musyawarah Guru Mata Pelajaran Mulok Basa Sunda'),
(254, 'Pendukung Pergelaran Panduan Suara'),
(255, 'Open turnamen Futsal MT CUP 2008'),
(256, 'In Juniour Futsal Competition West java'),
(257, 'In Juniour Batminton Competition West java'),
(258, 'Kuliah Umum Guru PLH Kota Bandung'),
(259, 'Pekan Olahraga Prestasi Pelajar Kota Bandung Pembimbing'),
(260, 'PANITIA OLIMPIADE KIMIA TINGKAT WIL. KOTA BDG'),
(261, 'PESERTA DLM KEGIATAN PELATIHAN INTERNET BAGI GURU KIMIA & FORUM MGMP SE-KOTA BDG'),
(262, 'PERANSERTA PESTA SIAGA 88'),
(263, 'PESERTA LATIHAN INSTRUKTUR AEROBIK TKI JABAR'),
(264, 'KEJUARAAN BULU TANGKIS KOTA BANDUNG CUP 2003'),
(265, 'KEJUARAAN BULU TANGKIS SGS CUP 2003'),
(266, 'Piagam Seminar Internet'),
(267, 'GURU YANG DISLIPN DLM KEHADIRAN'),
(268, 'GURU YANG DISLIPLIN DLM KEHADIRAN'),
(269, 'SURAT KETERANGAN -UPI-UNIT PELAKSANAAN TEKNIS PROGRAM PPL'),
(270, 'GRADUATION OF GRADUATION- GURU TERFAVORIT 2008-2009'),
(271, 'GURU TERFAVORIT 2009-2010'),
(272, 'PEMANTAPAN KESADARAN HUKUM'),
(273, 'PENETAPAN SPP CBSA'),
(274, 'GURU BERPRESTASI DALAM MENGAJAR DI KELAS I'),
(275, 'BALAI BAHASA BANDUNG'),
(276, 'PELATIHAN TEMATIK GURU KELAS I'),
(277, 'GURU BERPRESTASI THN 2007/2008'),
(278, 'MENINGKATKAN HASIL UN THN 2007/2008'),
(279, 'GURU TERBAIK II THN 2008/2009'),
(280, 'TENTOR TERBAIK II KIMIA'),
(281, 'GURU TERBAIK PILIHAN SISWA THN 2007/2008'),
(282, 'GURU TERBAIK PILIHAN SISWA THN 2006/2007'),
(283, 'GURU YANG DISIPLIN DLM KEHADIRAN'),
(284, 'GURU PERPRESTASI THN 2007/2008'),
(285, 'Guru Yang Berdedikasi'),
(286, 'Piagam Panitia Konferensi PGRI Prop Jabar'),
(287, 'Dosen Luar Biasa'),
(288, 'LOMBA RAMPAK SEKAR'),
(289, 'TEMU CIVITAS ACADEMICA'),
(290, 'JUARA 3 LOMBA PUISI'),
(291, 'Seminar Nasional Guru Super Indonesia'),
(292, 'Semiloka Bandung Kota seni dan Budaya'),
(293, 'Sosialisasi Pengelolaan Limbah Medis dan Limbah B-3'),
(294, 'Peserta Seminar Sehari Minyak dan Gas Bumi'),
(295, 'Penataran Kader Organinasi'),
(296, 'Penataran Kewaspadaan Nasional'),
(297, 'Penataran PA'),
(298, 'Penataran Tenaga Inti'),
(299, 'Penatar Wasan Wiyata Mandala'),
(300, 'Pesta PRAMUKA KWARRAN Ujung Berung'),
(301, 'O2SN Kota Bandung'),
(302, 'Pengurus Rukun Warga'),
(303, 'Pelatihan Daur Ulang Memanfaatkan Sampah'),
(304, 'Pelatihan Guru Tematik'),
(305, 'Peningkatan Manajemen Profesional Guru'),
(306, 'Juara Rampak Sekar Ke II'),
(307, 'New Asian Africa N Statebil Partnership'),
(308, 'Kursus Pembina Pramuka Mahir Dasar'),
(309, 'Peningkatan Kualitas Pembina Pramuka'),
(310, 'Pengenalan Alat Peraga IPTEK'),
(311, 'Kegiatan Lomba tingkat LT2'),
(312, 'Pengembangan Kualitas Guru'),
(313, 'PRAMUKA KMD'),
(314, 'Juara I Lomba Karya Tulis Pemasyarakatal Lingkungan Hidup'),
(315, 'PELATIHAN GURU UKS'),
(316, 'PEMBINA PENDAMPING PESTA SIAGA'),
(317, 'Ucapan Terimakasih Sebagai Anggota KPPS'),
(318, 'Pembina Siaga'),
(319, 'Identifikasi Dan Penanganan Anak Berkebutuhan Khusus di SD'),
(320, 'PENGELOLA GERAKAN KBN TELADAN II TK.KAB/KODYA'),
(321, 'THE ENGLISH PAIR 2008 EASY 22 ENGLISH CLUB'),
(322, 'Lembaga Pengabdian Pada Masyarakat IKIP Bandung'),
(323, 'Lomba Cerdas Tangkas'),
(324, 'KULIAH UMUM BAGI GURU SE-JAWA BARAT'),
(325, 'SEMINAR NASIONAL \\\"PESONA KAIN NUSANTARA\\\"'),
(326, 'SEMINAR NASIONAL PESONA KAIN NUSANTARA'),
(327, 'PENGABDIAN TERHADAP YAYASAN BPI SELAMA 15 TAHUN SEBAGAI GURU'),
(328, 'HUT PGRI'),
(329, 'ketua KPPS TPS KB Waru 18'),
(330, 'Tanda Penghargaan Lencana Pancawarsa'),
(331, 'Penghargaan Juara III Guru Berprestasi'),
(332, 'GURU TELADAN KE.1 TK.KECAMATAN CICENDA'),
(333, 'HUT-RI 88'),
(334, 'PEMBINA LBB IV/2009'),
(335, 'SEKRETARIS RW 03'),
(336, 'SERTIFIKAT FLS2N'),
(337, 'PESERTA LOMBA DA\\\'WAH'),
(338, 'PESERTA LOMBA DA\\\'WAH'),
(339, 'PESERTA LOMBA DA\\\'WAH'),
(340, 'PESERTA LOMBA DA\\\'WAH'),
(341, 'PESERTA LOMBA DA\\\'WAH'),
(342, 'TENAGA KERJA SUKARELA TERDIDIK (TKST)'),
(343, 'Juara Pertama Pasanggiri Ngawih '),
(344, 'Juara Pertama Pasanggiri Calung'),
(345, 'Juara Pertama Pasanggiri Jaipong'),
(346, 'Bakti Koperasi, Usaha Kecil dan Menengah');

-- --------------------------------------------------------

--
-- Table structure for table `master_satuan_kerja`
--

CREATE TABLE `master_satuan_kerja` (
  `id` int(11) NOT NULL,
  `nama` varchar(255) NOT NULL,
  `alamat` varchar(555) NOT NULL,
  `status` int(11) NOT NULL DEFAULT 1,
  `created_at` datetime NOT NULL,
  `updated_at` datetime NOT NULL
) ENGINE=InnoDB DEFAULT CHARSET=latin1;

--
-- Dumping data for table `master_satuan_kerja`
--

INSERT INTO `master_satuan_kerja` (`id`, `nama`, `alamat`, `status`, `created_at`, `updated_at`) VALUES
(1, 'Dinas Kesehatan', 'Alamat Dinas', 1, '2021-01-06 09:10:38', '2021-01-06 09:38:01'),
(2, 'Dinas Pendidikan', 'Alamat Dinas', 1, '2021-01-06 14:30:41', '2021-01-06 14:30:41');

-- --------------------------------------------------------

--
-- Table structure for table `master_tingkat_pendidikan`
--

CREATE TABLE `master_tingkat_pendidikan` (
  `id` int(11) NOT NULL,
  `kode` int(11) DEFAULT NULL,
  `nama` varchar(255) DEFAULT NULL,
  `keterangan` varchar(255) DEFAULT NULL,
  `urutan` int(255) DEFAULT NULL
) ENGINE=InnoDB DEFAULT CHARSET=latin1;

--
-- Dumping data for table `master_tingkat_pendidikan`
--

INSERT INTO `master_tingkat_pendidikan` (`id`, `kode`, `nama`, `keterangan`, `urutan`) VALUES
(1, 1, 'SD', 'Sekolah Dasar', 1),
(2, 1, 'SLTP', 'Sekolah Lanjutan Tingkat Pertama', 2),
(3, 1, 'SLTA', 'Sekolah Lanjutan Tingkat Atas', 3),
(4, 2, 'D1', 'Diploma 1', 4),
(5, 2, 'D2', 'Diploma 2', 5),
(6, 2, 'D3', 'Diploma 3', 6),
(7, 2, 'S1', 'Sarjana', 8),
(8, 2, 'S2', 'Pasca Sarjana', 9),
(9, 2, 'S3', 'Doktor', 10),
(10, 2, 'D4', 'Diploma 4', 7);

-- --------------------------------------------------------

--
-- Table structure for table `master_unit_kerja`
--

CREATE TABLE `master_unit_kerja` (
  `id` int(11) NOT NULL,
  `satuan_kerja_id` int(11) NOT NULL,
  `parent` int(11) NOT NULL DEFAULT 0,
  `nama` varchar(255) NOT NULL,
  `status` int(11) NOT NULL DEFAULT 1,
  `created_at` datetime NOT NULL,
  `updated_at` datetime NOT NULL
) ENGINE=InnoDB DEFAULT CHARSET=utf8mb4;

--
-- Dumping data for table `master_unit_kerja`
--

INSERT INTO `master_unit_kerja` (`id`, `satuan_kerja_id`, `parent`, `nama`, `status`, `created_at`, `updated_at`) VALUES
(1, 1, 0, 'Sekretaris Dinas Kesehatan', 1, '2021-01-06 00:00:00', '2021-01-06 00:00:00'),
(2, 1, 1, 'Sub Bagian Program, Informasi dan Hubungan Masyarakat', 1, '2021-01-06 00:00:00', '2021-01-06 00:00:00'),
(3, 2, 0, 'Bidang Pembinaan Ketenagaan', 1, '2021-01-06 16:37:46', '2021-01-06 16:37:46'),
(4, 2, 3, 'Seksi Kesejahteraan Guru dan Tenaga Pendidikan', 1, '2021-01-06 16:38:06', '2021-01-06 16:38:06'),
(5, 2, 0, 'Bidang Pembinaan Pendidikan Dasar', 1, '2021-01-06 16:40:32', '2021-01-06 16:40:32'),
(6, 2, 0, 'Bidang PAUD dan Pendidikan non Formal Informal', 1, '2021-01-06 16:42:35', '2021-01-06 16:42:35'),
(7, 2, 5, 'Seksi Kurikulum Dan Peserta Didik SD', 1, '2021-01-06 16:42:51', '2021-01-06 16:42:51'),
(8, 2, 3, 'Seksi Peningkatan SDM Guru dan Tenaga Kependidikan', 1, '2021-01-06 17:56:51', '2021-01-06 17:56:51'),
(9, 2, 6, 'Seksi Pendidikan Anak Usia Dini', 1, '2021-01-06 18:11:33', '2021-01-06 18:11:33');

-- --------------------------------------------------------

--
-- Table structure for table `master_universitas`
--

CREATE TABLE `master_universitas` (
  `id` int(11) NOT NULL,
  `nama` varchar(255) DEFAULT NULL
) ENGINE=InnoDB DEFAULT CHARSET=latin1;

--
-- Dumping data for table `master_universitas`
--

INSERT INTO `master_universitas` (`id`, `nama`) VALUES
(1, 'Sekolah Tinggi Kesejahteraan Sosial'),
(2, 'LPPU-ITB'),
(3, 'Sekolah Tinggi Hukum Bandung (STHB)'),
(4, 'Sekolah Tinggi Inten'),
(5, 'Universitas Merdeka'),
(6, 'Sekolah Tinggi Ilmu Administrasi LAN RI'),
(7, 'Sekolah Tinggi Teknologi Mandala'),
(8, 'Akademi Industri Logam'),
(9, 'Akademi Akuntansi Jayabaya, Jakarta'),
(10, 'APT Tanjung Sari'),
(11, 'Universitas Satya Gama'),
(12, 'Sekolah Tinggi Ilmu Administrasi LAN RI'),
(13, 'Akademi Akuntansi Persatuan Guru Republik Indonesia (AAK) PGRI Jember'),
(14, 'Akademi Akuntansi Surakarta, Surakarta'),
(15, 'Akademi Akuntansi Syafa\'at Indonesia'),
(16, 'Akademi Akuntansi YAI'),
(17, 'Akademi Akuntansi YKPN, Yogyakarta'),
(18, 'Akademi Akuntansi YPK Medan'),
(19, 'Akademi Analis Kesehatan Bengkulu'),
(20, 'Akademi Asuransi Indonesia, Jakarta'),
(21, 'Akademi Bahasa Asing (ABA) BSI, Jakarta'),
(22, 'Akademi Bahasa Asing (ABA) YBW-UMI'),
(23, 'Akademi Bahasa Asing Borobudur'),
(24, 'Akademi Bahasa Asing Dian Cipta Cendikia (DCC) Bandar Lampung'),
(25, 'Akademi Bahasa Asing Harapan Bangsa Surakarta'),
(26, 'Akademi Bahasa Asing Nasional'),
(27, 'Akademi Bahasa Asing Persada Bunda, Pekanbaru'),
(28, 'Akademi Bahasa Asing Pontianak'),
(29, 'Akademi Bahasa Asing Putera Batam di Bengkong'),
(30, 'Akademi Bahasa Asing St. Pignatelli, Surakarta'),
(31, 'Akademi Bahasa Asing YIPK Yogyakarta'),
(32, 'Akademi Farmasi Indah Deli Serdang Lubuk Pakam'),
(33, 'Akademi Industri Tekstil Bandung'),
(34, 'Akademi Kebidanan Alifah Padang'),
(35, 'Akademi Kebidanan Bhakti Pertiwi Indonesia, Jakarta'),
(36, 'Akademi Kebidanan Helvetia Medan'),
(37, 'Akademi Kebidanan Indah Medan'),
(38, 'Akademi Kebidanan Kartini, Bali'),
(39, 'Akademi Kebidanan Lenggogeni Padang'),
(40, 'Akademi Kebidanan Martapura Banjarmasin'),
(41, 'Akademi Kebidanan Paguwarmas Maos'),
(42, 'Akademi Kebidanan Sehat Medan'),
(43, 'Akademi Kebidanan Yogyakarta, Bantul'),
(44, 'Akademi Keperawatan Aisyiyah, Bandung'),
(45, 'Akademi Keperawatan Dian Husada, Mojokerto'),
(46, 'Akademi Keperawatan Helvetia Medan'),
(47, 'Akademi Keperawatan Indah Medan di Medan'),
(48, 'Akademi Keperawatan Nabila, Padang Panjang'),
(49, 'Akademi Keperawatan Rantepao, Makale'),
(50, 'Akademi Keperawatan RS. Dustira'),
(51, 'Akademi Keperawatan Santo Borromeus, Bandung'),
(52, 'Akademi Kesejahteraan Sosial Tarakanita Yogyakarta'),
(53, 'Akademi Keuangan dan Perbankan (AKBAR) Riau'),
(54, 'Akademi Keuangan dan Perbankan Borobudur'),
(55, 'Akademi Keuangan dan Perbankan Mulia Darma Pratama Palembang'),
(56, 'Akademi Keuangan dan Perbankan Pembangunan Padang'),
(57, 'Akademi Keuangan dan Perbankan Widya Buana Semarang'),
(58, 'Akademi Keuangan dan Perbankan YIPK Yogyakarta'),
(59, 'Akademi Keuangan dan Perbankan YPK'),
(60, 'Akademi Kimia Analisis (AKA) Bogor'),
(61, 'Akademi Kimia Analisis Caraka Nusantara, Jakarta'),
(62, 'Akademi Kimia Industri Santo Paulus Semarang'),
(63, 'Akademi Komunikasi Bina Sarana Informatika'),
(64, 'Akademi Komunikasi Indonesia YPK'),
(65, 'Akademi Komunikasi Media Radio dan Televisi (AKAMRTV) Jakarta'),
(66, 'Akademi Manajemen Administrasi \"YPK\" Yogyakarta'),
(67, 'Akademi Manajemen Administrasi (AMA) Yogyakarta'),
(68, 'Akademi Manajemen Administrasi Dharmala, Yogyakarta'),
(69, 'Akademi Manajemen dan Ilmu Komputer (AMIK) Al-Muslim Bekasi'),
(70, 'Akademi Manajemen dan Ilmu Komputer (AMIK) Catur Sakti Kendari'),
(71, 'Akademi Manajemen dan Ilmu Komputer (AMIK) Polibisnis Medan'),
(72, 'Akademi Manajemen dan Ilmu Komputer (AMIK) Triguna Dharma Medan'),
(73, 'Akademi Manajemen Informatika dan Komputer (AMIK) - Royal di Kisaran, Sumatera Utara'),
(74, 'Akademi Manajemen Informatika dan Komputer (AMIK) Atma Luhur, Pangkal Pinang'),
(75, 'Akademi Manajemen Informatika dan Komputer (AMIK) Cirebon'),
(76, 'Akademi Manajemen Informatika dan Komputer (AMIK) Denpasar'),
(77, 'Akademi Manajemen Informatika dan Komputer (AMIK) Dian Cipta Cendikia (DCC), Bandar Lampung'),
(78, 'Akademi Manajemen Informatika dan Komputer (AMIK) Jayanusa Padang'),
(79, 'Akademi Manajemen Informatika dan Komputer (AMIK) Lampung'),
(80, 'Akademi Manajemen Informatika dan Komputer (AMIK) Logika Medan'),
(81, 'Akademi Manajemen Informatika dan Komputer (AMIK) Master, Bandar Lampung'),
(82, 'Akademi Manajemen Informatika dan Komputer (AMIK) MDP, Palembang'),
(83, 'Akademi Manajemen Informatika dan Komputer (AMIK) Medan Business Polytechnic (MBP), Medan'),
(84, 'Akademi Manajemen Informatika dan Komputer (AMIK) Medicom, Medan'),
(85, 'Akademi Manajemen Informatika dan Komputer (AMIK) Mitra Lampung'),
(86, 'Akademi Manajemen Informatika dan Komputer (AMIK) Mpu Tantular, Jakarta'),
(87, 'Akademi Manajemen Informatika dan Komputer (AMIK) Nurma Luwuk Banggai'),
(88, 'Akademi Manajemen Informatika dan Komputer (AMIK) Profesional, Makassar'),
(89, 'Akademi Manajemen Informatika dan Komputer (AMIK) Raharja Informatika, Tangerang'),
(90, 'Akademi Teknologi Industri Padang'),
(91, 'Akademi Manajemen Informatika dan Komputer (AMIK) Startech Pringsewu Lampung'),
(92, 'Akademi Manajemen Informatika dan Komputer (AMIK) Teknokrat Bandar Lampung'),
(93, 'Akademi Manajemen Informatika dan Komputer Al-Ma\'some, Jatinangor - Sumedang'),
(94, 'Akademi Manajemen Informatika dan Komputer Aster Yogyakarta'),
(95, 'Akademi Manajemen Informatika dan Komputer Bina Sarana Informatika (BSI) Jakarta'),
(96, 'Akademi Manajemen Informatika dan Komputer Bukittinggi'),
(97, 'Akademi Manajemen Informatika dan Komputer Citra Buana Indonesia Sukabumi'),
(98, 'Akademi Manajemen Informatika dan Komputer Dempo, Pagar Alam'),
(99, 'Akademi Manajemen Informatika dan Komputer Harapan Bangsa Surakarta'),
(100, 'Akademi Manajemen Informatika dan Komputer Intelcom Global Indo Kisaran, Kisaran -Medan'),
(101, 'Akademi Manajemen Informatika dan Komputer Jakarta Teknologi Cipta Semarang'),
(102, 'Akademi Manajemen Informatika dan Komputer Jayabaya, Jakarta'),
(103, 'Akademi Manajemen Informatika dan Komputer Multicom Pematang Siantar'),
(104, 'Akademi Manajemen Informatika dan Komputer Palangkaraya'),
(105, 'Akademi Manajemen Informatika dan Komputer Pertiwi Sukabumi'),
(106, 'Akademi Manajemen Informatika dan Komputer Purnama Niaga Indramayu'),
(107, 'Akademi Manajemen Informatika dan Komputer Taruna Probolinggo'),
(108, 'Akademi Manajemen Informatika dan Komputer Tomakaka Tiwikrama Mamuju'),
(109, 'Akademi Manajemen Informatika dan Komputer Wira Setya Mulya'),
(110, 'Akademi Manajemen Kesatuan Bogor'),
(111, 'Akademi Manajemen Perusahaan Jayabaya, Jakarta'),
(112, 'Akademi Manajemen Perusahaan YKPN, Yogyakarta'),
(113, 'Akademi Maritim Djadajat, Jakarta'),
(114, 'Akademi Maritim Indonesia (AMI) Medan'),
(115, 'Akademi Maritim Indonesia Bitung'),
(116, 'Akademi Maritim Nasional Indonesia (AMNI) Semarang'),
(117, 'Akademi Maritim Nasional Jakarta Raya'),
(118, 'Akademi Maritim Nusantara Cilacap'),
(119, 'Akademi Maritim Pembangunan'),
(120, 'Akademi Maritim Veteran RI, Makassar'),
(121, 'Akademi Maritim Yogyakarta'),
(122, 'Akademi Minyak dan Gas (AKAMIGAS) Balongan, Indramayu'),
(123, 'Akademi Pariwisata'),
(124, 'Akademi Pariwisata (AKPAR) Denpasar'),
(125, 'Akademi Pariwisata 45 Jayapura'),
(126, 'Akademi Pariwisata Ambarrukmo Palace'),
(127, 'Akademi Pariwisata Bogor BHI'),
(128, 'Akademi Pariwisata Bunda Mulia, Jakarta'),
(129, 'Akademi Pariwisata Indonesia (AKPINDO)'),
(130, 'Akademi Pariwisata Jakarta'),
(131, 'Akademi Pariwisata Makassar'),
(132, 'Akademi Pariwisata Mandala Bhakti Surakarta'),
(133, 'Akademi Pariwisata Mataram'),
(134, 'Akademi Pariwisata Muhammadiyah Jember'),
(135, 'Akademi Pariwisata Nasional, Jakarta'),
(136, 'Akademi Pariwisata Patria Indonesia'),
(137, 'Akademi Pariwisata Pelita Harapan, Jakarta'),
(138, 'Akademi Pariwisata Sahid Surakarta'),
(139, 'Akademi Pariwisata Satu Nusa Bandar Lampung'),
(140, 'Akademi Pariwisata Siliwangi, Tasikmalaya'),
(141, 'Akademi Pariwisata Triatmajaya, Denpasar'),
(142, 'Akademi Pelayaran Niaga Indonesia (AIPNI)'),
(143, 'Akademi Pelayaran Niaga Indonesia (AKAPELNI), Semarang'),
(144, 'Akademi Perbankan Yayasan Universitas Kristen Indonesia'),
(145, 'Akademi Perekam Medis dan Informatika Kesehatan Bandung'),
(146, 'Akademi Perpajakan Tridarma Bandar Lampung'),
(147, 'Akademi Pertanian Yogyakarta (APTA)'),
(148, 'Akademi Peternakan Karanganyar (APEKA)'),
(149, 'Akademi Pimpinan Perusahaan, Jakarta'),
(150, 'Akademi Sekretari Budi Luhur'),
(151, 'Akademi Sekretari dan Manajemen (ASM) Bandar Lampung'),
(152, 'Akademi Sekretari dan Manajemen Ariyanti'),
(153, 'Akademi Sekretari dan Manajemen Bina Sarana Informatika (BSI), Jakarta'),
(154, 'Akademi Sekretari dan Manajemen Cendana - Medan'),
(155, 'Akademi Sekretari dan Manajemen Don Bosco, Jakarta'),
(156, 'Akademi Sekretari dan Manajemen Indonesia (ASMI) Padang'),
(157, 'Akademi Sekretari dan Manajemen Indonesia (ASMI) Surabaya'),
(158, 'Akademi Sekretari dan Manajemen Indonesia Solo'),
(159, 'Akademi Sekretari dan Manajemen Marsudirini (ASMI) Santa Maria Yogyakarta'),
(160, 'Akademi Sekretari dan Manajemen Persada Bunda, Pekan Baru'),
(161, 'Akademi Sekretari dan Manajemen Saint Mary'),
(162, 'Akademi Sekretari dan Manajemen Sriwijaya'),
(163, 'Akademi Sekretari dan Manajemen Taruna Bakti, Bandung'),
(164, 'Akademi Sekretari Interstudi, Jakarta'),
(165, 'Akademi Sekretari LPK Tarakanita'),
(166, 'Akademi Sekretari Manajemen Bina Insani, Bekasi'),
(167, 'Akademi Sekretari Triguna (ASTRI), Bogor'),
(168, 'Akademi Sekretari Widya Mandala Surabaya'),
(169, 'Akademi Seni Rupa dan Desain ISWI, Jakarta'),
(170, 'Akademi Statistika (AIS) Muhammadiyah Semarang'),
(171, 'Akademi Tata Boga Bandung'),
(172, 'Akademi Teknik Desain Interior Jakarta'),
(173, 'Akademi Teknik Industri Makassar'),
(174, 'Akademi Teknik Telekomunikasi (AKATEL) Sandy Putera Purwokerto'),
(175, 'Akademi Teknologi Adi Unggul Bhirawa (AUB) Surakarta'),
(176, 'Akademi Teknologi Bandung (ATB)'),
(177, 'Akademi Teknologi Bogor'),
(178, 'Akademi Teknologi Grafika Trisakti, Jakarta'),
(179, 'Akademi Teknologi Industri Immanuel Medan'),
(180, 'Akademi Teknologi Kulit Yogyakarta'),
(181, 'Akademi Teknologi Otomotif Nasional'),
(182, 'Akademi Teknologi Semarang (ATS)'),
(183, 'Akademi Teknologi Warga Surakarta'),
(184, 'Akademi Telekomunikasi Indonesia, Yogyakarta'),
(185, 'Institut Agama Islam Al Aqidah Jakarta'),
(186, 'Institut Agama Islam Banten (IAIB)'),
(187, 'Institut Agama Islam Cipasung'),
(188, 'Institut Agama Islam Daar Al Ulum Asahan'),
(189, 'Institut Agama Islam Darussalam,'),
(190, 'Institut Agama Islam Hamzanwadi Pancor Selong'),
(191, 'Institut Agama Islam Ibrahimy Situbondo'),
(192, 'Institut Agama Islam Imam Ghozali (IAIIG)'),
(193, 'Institut Agama Islam Mubarokiyah,Tasikmalaya'),
(194, 'Institut Agama Islam Negeri (IAIN)'),
(195, 'Institut Agama Islam Negeri (IAIN) Ar-Raniry, Banda Aceh'),
(196, 'Institut Agama Islam Negeri (IAIN) Imam Bonjol, Padang'),
(197, 'Institut Agama Islam Negeri (IAIN) Mataram, Mataram'),
(198, 'Institut Agama Islam Negeri (IAIN) Raden Fatah, Palembang'),
(199, 'Institut Agama Islam Negeri (IAIN) Raden Intan, Lampung'),
(200, 'Institut Agama Islam Negeri (IAIN) Sultan Amai Gorontalo'),
(201, 'Institut Agama Islam Negeri (IAIN) Sultan Maulana Hasanuddin Banten, Serang'),
(202, 'Institut Agama Islam Negeri (IAIN) Sultan Thaha Saifuddin, Jambi'),
(203, 'Institut Agama Islam Negeri (IAIN) Sumatera Utara, Medan'),
(204, 'Institut Agama Islam Negeri (IAIN) Sunan Ampel, Surabaya'),
(205, 'Institut Agama Islam Negeri (IAIN) Walisongo, Semarang'),
(206, 'Institut Agama Islam Nurul Jadid, Paiton - Probolinggo'),
(207, 'Institut Agama Islam Riyadotul Mujahidin, Ponorogo'),
(208, 'Institut Agama Islam Shalahuddin Al Ayyubi (INISA) Tambun - Bekasi'),
(209, 'Institut Agama Islam Sunan Giri'),
(210, 'Institut Agama Islam Tribakti'),
(211, 'Institut Bisnis dan Informatika Indonesia (IBII), Jakarta'),
(212, 'Institut Ilmu Al Qur\'an (IIQ) Jawa Tengah, Wonosobo'),
(213, 'Institut Ilmu Pemerintahan (IIP)'),
(214, 'Institut Ilmu Sosial dan Ilmu Politik (IISIP) Jakarta'),
(215, 'Institut Informatika Indonesia Surabaya'),
(216, 'Institut Islam Al Qur\'an (IIQ) Jakarta'),
(217, 'Institut Islam Nahdlatul Ulama\' (INISNU) Jepara'),
(218, 'Institut Keguruan dan Ilmu Pendidikan (IKIP) Budi Utomo Malang'),
(219, 'Institut Keguruan dan Ilmu Pendidikan (IKIP) Gunung Sitoli'),
(220, 'Institut Keguruan dan Ilmu Pendidikan (IKIP) Mataram'),
(221, 'Institut Keguruan dan Ilmu Pendidikan (IKIP) PGRI Bali'),
(222, 'Institut Keguruan dan Ilmu Pendidikan (IKIP) PGRI Banyuwangi'),
(223, 'Institut Keguruan dan Ilmu Pendidikan (IKIP) PGRI Bojonegoro'),
(224, 'Institut Keguruan dan Ilmu Pendidikan (IKIP) PGRI Jember'),
(225, 'Institut Keguruan dan Ilmu Pendidikan (IKIP) PGRI Kalimantan Timur Samarinda'),
(226, 'Institut Keguruan dan Ilmu Pendidikan (IKIP) PGRI Kediri'),
(227, 'Institut Keguruan dan Ilmu Pendidikan (IKIP) PGRI Madiun'),
(228, 'Institut Keguruan dan Ilmu Pendidikan (IKIP) PGRI Semarang'),
(229, 'Institut Keguruan dan Ilmu Pendidikan (IKIP) PGRI Tuban'),
(230, 'Institut Keguruan dan Ilmu Pendidikan (IKIP) PGRI Wates'),
(231, 'Institut Keguruan dan Ilmu Pendidikan (IKIP) Saraswati, Tabanan'),
(232, 'Institut Keguruan dan Ilmu Pendidikan (IKIP) Veteran Semarang'),
(233, 'Institut Keguruan dan Ilmu Pendidikan (IKIP) Widya Darma Surabaya'),
(234, 'Institut Keislaman Hasyim Asy\'ari (IKAHA), Tebuireng Jombang'),
(235, 'Institut Kesenian Jakarta'),
(236, 'Institut Manajemen Koperasi Indonesia'),
(237, 'Institut Pembina Rohani Islam Jakarta'),
(238, 'Institut Pemerintahan Dalam Negeri (IPDN), Jatinangor'),
(239, 'Institut Pertanian (INTAN) Yogyakarta'),
(240, 'Institut Pertanian Bogor (IPB)'),
(241, 'Institut Pertanian Malang'),
(242, 'Institut Pertanian Sekolah TinggiIPER Yogyakarta'),
(243, 'Institut PTIQ Jakarta'),
(244, 'Institut Sains dan Teknologi AKPRIND, Yogyakarta'),
(245, 'Institut Sains dan Teknologi Al-Kamal, Jakarta'),
(246, 'Institut Sains dan Teknologi Nasional, Jakarta'),
(247, 'Institut Sains dan Teknologi Palapa'),
(248, 'Institut Sains dan Teknologi Pembangunan Indonesia, Makassar'),
(249, 'Institut Sains dan Teknologi T.D. Pardede, Medan'),
(250, 'Institut Seni Indonesia Denpasar'),
(251, 'Institut Seni Indonesia Surakarta'),
(252, 'Institut Seni Indonesia Yogyakarta'),
(253, 'Institut Studi Islam Darussalam (ISID) Gontor, Ponorogo'),
(254, 'Institut Teknologi Adhi Tama (ITAT), Surabaya'),
(255, 'Institut Teknologi Bandung (ITB)'),
(256, 'Institut Teknologi Budi Utomo, Jakarta'),
(257, 'Institut Teknologi Harapan Bangsa, Bandung'),
(258, 'Institut Teknologi Indonesia (ITI), Jakarta'),
(259, 'Institut Teknologi Medan (ITM)'),
(260, 'Institut Teknologi Nasional (ITENAS) Bandung'),
(261, 'Institut Teknologi Nasional (ITENAS) Malang'),
(262, 'Institut Teknologi Padang'),
(263, 'Institut Teknologi Pembangunan Surabaya'),
(264, 'Institut Teknologi Sepuluh Nopember (ITS), Surabaya'),
(265, 'Pendidikan Teknologi Kimia Industri (PTKI) Medan'),
(266, 'Politeknik \"PPKP\"'),
(267, 'Politeknik API Yogyakarta'),
(268, 'Politeknik Batam'),
(269, 'Politeknik Bengkalis'),
(270, 'Politeknik Cahaya Surya Kediri'),
(271, 'Politeknik Caltex Rumbai Pekanbaru'),
(272, 'Politeknik Darussalam Palembang'),
(273, 'Politeknik Elektronika Surabaya'),
(274, 'Politeknik Gajah Sakti Metro'),
(275, 'Politeknik Gunakarya Indonesia Bekasi'),
(276, 'Politeknik Indonesia Jepang Bandung'),
(277, 'Politeknik Indonusa Surakarta'),
(278, 'Politeknik Industri dan Niaga Bandung'),
(279, 'Politeknik Insan Cinta Bangsa Bandung'),
(280, 'Politeknik Jawa Dwipa'),
(281, 'Politeknik Kesehatan Majapahit, Mojokerto'),
(282, 'Politeknik Kesehatan Yapkesbi, Sukabumi'),
(283, 'Politeknik Komputer Niaga LPKIA Bandung'),
(284, 'Politeknik LP3I Bandung'),
(285, 'Politeknik LP3I Jakarta'),
(286, 'Politeknik LP3I Medan'),
(287, 'Politeknik LPP Yogyakarta'),
(288, 'Politeknik Madiun'),
(289, 'Politeknik Mandiri Bina Prestasi (MBP), Medan'),
(290, 'Politeknik Manufaktur Astra, Jakarta'),
(291, 'Politeknik Manufaktur Bandung'),
(292, 'Politeknik Manufaktur Timah'),
(293, 'Politeknik Muhammadiyah Karanganyar Surakarta'),
(294, 'Politeknik Negeri Ambon'),
(295, 'Politeknik Negeri Bali'),
(296, 'Politeknik Negeri Bandung (Polban)'),
(297, 'Politeknik Negeri Banjarmasin'),
(298, 'Politeknik Negeri Jakarta'),
(299, 'Politeknik Negeri Jember'),
(300, 'Politeknik Negeri Kupang'),
(301, 'Politeknik Negeri Lhokseumawe, Banda Aceh'),
(302, 'Politeknik Negeri Malang'),
(303, 'Politeknik Negeri Manado'),
(304, 'Politeknik Negeri Medan'),
(305, 'Politeknik Negeri Padang'),
(306, 'Politeknik Negeri Pontianak'),
(307, 'Politeknik Negeri Samarinda'),
(308, 'Politeknik Negeri Semarang'),
(309, 'Politeknik Negeri Sriwijaya, Palembang'),
(310, 'Politeknik Negeri Ujung Pandang'),
(311, 'Politeknik Pasir Pengarayan (POLPERA)'),
(312, 'Politeknik Perdana Mandiri Purwakarta'),
(313, 'Politeknik Perkapalan Negeri Surabaya'),
(314, 'Politeknik Pertanian Negeri Bandar Lampung'),
(315, 'Politeknik Pertanian Negeri Kupang'),
(316, 'Politeknik Pertanian Negeri Pangkajene Kepulauan (Pangkep)'),
(317, 'Politeknik Pertanian Negeri Payakumbuh'),
(318, 'Politeknik Pertanian Tembilahan Riau'),
(319, 'Politeknik Piksi Ganesha Bandung'),
(320, 'Politeknik PIKSI Input Serang Banten'),
(321, 'Politeknik Poliprofesi Medan'),
(322, 'Politeknik Pos Indonesia, Bandung'),
(323, 'Politeknik Praktisi Bandung'),
(324, 'Politeknik Pratama Mulia, Surakarta'),
(325, 'Politeknik Sawunggalih Aji Kutoarjo'),
(326, 'Politeknik Swadarma, Jakarta'),
(327, 'Politeknik TEDC Bandung'),
(328, 'Politeknik Unggul LP3M Medan'),
(329, 'Politeknik YPPB Belitang'),
(330, 'Sekolah Tinggi Agama Hindu Negeri Denpasar'),
(331, 'Sekolah Tinggi Agama Islam (STAI) Al Amanah Jeneponto'),
(332, 'Sekolah Tinggi Agama Islam (STAI) Al Azhar Gresik'),
(333, 'Sekolah Tinggi Agama Islam (STAI) Al Haudl Ketapang'),
(334, 'Sekolah Tinggi Agama Islam (STAI) Attaqwa Bekasi'),
(335, 'Sekolah Tinggi Agama Islam (STAI) Auliaurrasyidin, Riau'),
(336, 'Sekolah Tinggi Agama Islam (STAI) Bani Saleh Bekasi'),
(337, 'Sekolah Tinggi Agama Islam (STAI) Fatahillah Serpong, Tangerang'),
(338, 'Sekolah Tinggi Agama Islam (STAI) Mamba\'ul \'Ulum Surakarta'),
(339, 'Sekolah Tinggi Agama Islam (STAI) Nahdatul Ulama Temanggung'),
(340, 'Sekolah Tinggi Agama Islam (STAI) YAMISA Soreang'),
(341, 'Sekolah Tinggi Agama Islam (STAI) YPBWI Surabaya'),
(342, 'Sekolah Tinggi Agama Islam Al - Azhary Cianjur'),
(343, 'Sekolah Tinggi Agama Islam Al Gazali Barru, Tanete Barru'),
(344, 'Sekolah Tinggi Agama Islam Al Hidayah, Bogor'),
(345, 'Sekolah Tinggi Agama Islam Al Karimiyah, Depok'),
(346, 'Sekolah Tinggi Agama Islam Al Khairat, Pamekasan'),
(347, 'Sekolah Tinggi Agama Islam Al Mukhlishin, Bogor'),
(348, 'Sekolah Tinggi Agama Islam Al Musdariyah Kota Cimahi'),
(349, 'Sekolah Tinggi Agama Islam Al Qodiri Jember, Jember'),
(350, 'Sekolah Tinggi Agama Islam Al-Amien Madura'),
(351, 'Sekolah Tinggi Agama Islam Al-Falah As-Sunniyyah'),
(352, 'Sekolah Tinggi Agama Islam Al-Falah, Cicalengka'),
(353, 'Sekolah Tinggi Agama Islam Al-Furqon Makassar'),
(354, 'Sekolah Tinggi Agama Islam Al-Ghazali Bone'),
(355, 'Sekolah Tinggi Agama Islam Al-Ghazali Bulukumba'),
(356, 'Sekolah Tinggi Agama Islam Al-Ghazali Soppeng'),
(357, 'Sekolah Tinggi Agama Islam Al-Hamidiyah Jakarta'),
(358, 'Sekolah Tinggi Agama Islam Al-Hikmah Jakarta'),
(359, 'Sekolah Tinggi Agama Islam Al-Hikmah Medan'),
(360, 'Sekolah Tinggi Agama Islam Al-Hikmah Pariangan Batusangkar'),
(361, 'Sekolah Tinggi Agama Islam Al-I\'anah Cianjur'),
(362, 'Sekolah Tinggi Agama Islam Al-Ihya Kuningan'),
(363, 'Sekolah Tinggi Agama Islam Al-Ikhlas Dairi Sidikalang'),
(364, 'Sekolah Tinggi Agama Islam Al-Jami Banjarmasin'),
(365, 'Sekolah Tinggi Agama Islam Al-Khoziny Buduran, Sidoarjo'),
(366, 'Sekolah Tinggi Agama Islam Al-Masthuriyah'),
(367, 'Sekolah Tinggi Agama Islam Al-Musaddadiyah Garut'),
(368, 'Sekolah Tinggi Agama Islam Al-Washliyah Barabai'),
(369, 'Sekolah Tinggi Agama Islam An-Nadwah Kuala Tungkai'),
(370, 'Sekolah Tinggi Agama Islam As\'adiyah'),
(371, 'Sekolah Tinggi Agama Islam Azziyadah Jakarta'),
(372, 'Sekolah Tinggi Agama Islam Babunnajah Banten'),
(373, 'Sekolah Tinggi Agama Islam Bahrul Ulum Jombang'),
(374, 'Sekolah Tinggi Agama Islam Binamadani Tangerang'),
(375, 'Sekolah Tinggi Agama Islam Bunga Bangsa Cirebon'),
(376, 'Sekolah Tinggi Agama Islam Cirebon'),
(377, 'Sekolah Tinggi Agama Islam Darud Da\'wah wal-Irsyad (DDI) Majene'),
(378, 'Sekolah Tinggi Agama Islam Darud Da\'wah wal-Irsyad (DDI) Mangkoso Barru'),
(379, 'Sekolah Tinggi Agama Islam Darud Da\'wah wal-Irsyad (DDI) Maros'),
(380, 'Sekolah Tinggi Agama Islam Darud Da\'wah wal-Irsyad (DDI) Pangkajene Sidenreng Rappang (Sindrap)'),
(381, 'Sekolah Tinggi Agama Islam Darud Da\'wah wal-Irsyad (DDI) Pare-pare'),
(382, 'Sekolah Tinggi Agama Islam Darud Da\'wah wal-Irsyad (DDI) Pinrang'),
(383, 'Sekolah Tinggi Agama Islam Darud Da\'wah wal-Irsyad (DDI) Polmas, Polewali'),
(384, 'Sekolah Tinggi Agama Islam Darul Arafah, Deli Serdang'),
(385, 'Sekolah Tinggi Agama Islam Darul Arqam Muhammadiyah Garut, Garut'),
(386, 'Sekolah Tinggi Agama Islam Darul Falah, Bandung'),
(387, 'Sekolah Tinggi Agama Islam Darul Ulum Kotabaru'),
(388, 'Sekolah Tinggi Agama Islam Darullughah Wadda\'wah'),
(389, 'Sekolah Tinggi Agama Islam Darussalam Lampung'),
(390, 'Sekolah Tinggi Agama Islam Darussalam Martapura'),
(391, 'Sekolah Tinggi Agama Islam DDI, Jeneponto'),
(392, 'Sekolah Tinggi Agama Islam Diponegoro Tulungagung'),
(393, 'Sekolah Tinggi Agama Islam Dr. Khez Muttaqien Purwakarta'),
(394, 'Sekolah Tinggi Agama Islam Gajah Putih Takengon'),
(395, 'Sekolah Tinggi Agama Islam Hasanuddin, Pare Kediri'),
(396, 'Sekolah Tinggi Agama Islam Hikmatul Fadhilah'),
(397, 'Sekolah Tinggi Agama Islam Hubbulwathan Duri'),
(398, 'Sekolah Tinggi Agama Islam Ibrahimy Genteng Banyuwangi'),
(399, 'Sekolah Tinggi Agama Islam Jm Tanjung Pura Langkat'),
(400, 'Sekolah Tinggi Agama Islam K.H. Abdul Kabier'),
(401, 'Sekolah Tinggi Agama Islam Kharisma Cicurug'),
(402, 'Sekolah Tinggi Agama Islam Kuala Kapuas'),
(403, 'Sekolah Tinggi Agama Islam La Tansa Mashiro'),
(404, 'Sekolah Tinggi Agama Islam Laa Roiba Bogor'),
(405, 'Sekolah Tinggi Agama Islam Lubuk Sikaping'),
(406, 'Sekolah Tinggi Agama Islam Ma\'arif Metro'),
(407, 'Sekolah Tinggi Agama Islam Madinatul Ilmi'),
(408, 'Sekolah Tinggi Agama Islam Madinatun Najah Rengat, Pekanbaru'),
(409, 'Sekolah Tinggi Agama Islam Madiun (STAIM)'),
(410, 'Sekolah Tinggi Agama Islam Majalengka'),
(411, 'Sekolah Tinggi Agama Islam Malikussaleh Lhokseumawe'),
(412, 'Sekolah Tinggi Agama Islam Masjid Syuhada Yogyakarta'),
(413, 'Sekolah Tinggi Agama Islam Mathla\'ul Anwar Pandeglang'),
(414, 'Sekolah Tinggi Agama Islam Miftahul Huda Subang'),
(415, 'Sekolah Tinggi Agama Islam Miftahul \'Ula'),
(416, 'Sekolah Tinggi Agama Islam Muhammadiyah Bandung'),
(417, 'Sekolah Tinggi Agama Islam Muhammadiyah Blora, Blora'),
(418, 'Sekolah Tinggi Agama Islam Muhammadiyah Sinjai'),
(419, 'Sekolah Tinggi Agama Islam Nahdlatul Ulama Kebumen'),
(420, 'Sekolah Tinggi Agama Islam Negeri (STAIN) Bengkulu'),
(421, 'Sekolah Tinggi Agama Islam Negeri (STAIN) Cirebon'),
(422, 'Sekolah Tinggi Agama Islam Negeri (STAIN) Datokarama Palu'),
(423, 'Sekolah Tinggi Agama Islam Negeri (STAIN) Jember'),
(424, 'Sekolah Tinggi Agama Islam Negeri (STAIN) Jurai Siwo Metro'),
(425, 'Sekolah Tinggi Agama Islam Negeri (STAIN) Kediri'),
(426, 'Sekolah Tinggi Agama Islam Negeri (STAIN) Kudus'),
(427, 'Sekolah Tinggi Agama Islam Negeri (STAIN) Malang'),
(428, 'Sekolah Tinggi Agama Islam Negeri (STAIN)'),
(429, 'Sekolah Tinggi Agama Islam Negeri (STAIN) Padang Sidempuan Sumatra Utara'),
(430, 'Sekolah Tinggi Agama Islam Negeri (STAIN) Palangkaraya'),
(431, 'Sekolah Tinggi Agama Islam Negeri (STAIN) Palopo'),
(432, 'Sekolah Tinggi Agama Islam Negeri (STAIN) Pamekasan, Pamekasan'),
(433, 'Sekolah Tinggi Agama Islam Negeri (STAIN) Pare-Pare'),
(434, 'Sekolah Tinggi Agama Islam Negeri (STAIN) Pekalongan'),
(435, 'Sekolah Tinggi Agama Islam Negeri (STAIN) Ponorogo'),
(436, 'Sekolah Tinggi Agama Islam Negeri (STAIN) Pontianak, Pontianak'),
(437, 'Sekolah Tinggi Agama Islam Negeri (STAIN) Prof. Dr. Mahmud Yunus, Batusangkar'),
(438, 'Sekolah Tinggi Agama Islam Negeri (STAIN) Purwokerto'),
(439, 'Sekolah Tinggi Agama Islam Negeri (STAIN) Salatiga'),
(440, 'Sekolah Tinggi Agama Islam Negeri (STAIN) Sjech M. Djamil Djambek, Bukit Tinggi - Sumatera Barat'),
(441, 'Sekolah Tinggi Agama Islam Negeri (STAIN) Sultan Qaimuddin, Kendari'),
(442, 'Sekolah Tinggi Agama Islam Negeri (STAIN) Sultan Sulaiman Samarinda'),
(443, 'Sekolah Tinggi Agama Islam Negeri (STAIN) Surakarta'),
(444, 'Sekolah Tinggi Agama Islam Negeri (STAIN) Tulungagung'),
(445, 'Sekolah Tinggi Agama Islam Negeri (STAIN) Watampone'),
(446, 'Sekolah Tinggi Agama Islam Pancawahana Bangil'),
(447, 'Sekolah Tinggi Agama Islam Pengembangan Ilmu Al-Qur\'an'),
(448, 'Sekolah Tinggi Agama Islam Persatuan Islam, Bandung'),
(449, 'Sekolah Tinggi Agama Islam PERTINU Padang Sidempuan'),
(450, 'Sekolah Tinggi Agama Islam PTIQ Banda Aceh, Banda Aceh'),
(451, 'Universitas Kapuas Sintang'),
(452, 'Sekolah Tinggi Agama Islam Qomaruddin Gresik'),
(453, 'Sekolah Tinggi Agama Islam Rasyidiyah Khalidiyah Amuntai'),
(454, 'Sekolah Tinggi Agama Islam Riyadhul Jannah Subang'),
(455, 'Sekolah Tinggi Agama Islam Sabili Bandung'),
(456, 'Sekolah Tinggi Agama Islam Samora Pematang Siantar'),
(457, 'Sekolah Tinggi Agama Islam Sayid Sabiq Indramayu'),
(458, 'Sekolah Tinggi Agama Islam Sebelas April Sumedang'),
(459, 'Sekolah Tinggi Agama Islam Segeran Dharma Kusuma, Indramayu'),
(460, 'Sekolah Tinggi Agama Islam Serdang Lubuk Pakam, Sumatera'),
(461, 'Sekolah Tinggi Agama Islam Shalahuddin Al Ayyubi'),
(462, 'Sekolah Tinggi Agama Islam Siliwangi Bandung'),
(463, 'Sekolah Tinggi Agama Islam Siliwangi Garut'),
(464, 'Sekolah Tinggi Agama Islam Solok Nan Indah, Solok'),
(465, 'Sekolah Tinggi Agama Islam Sukabumi'),
(466, 'Sekolah Tinggi Agama Islam Sumatera, Medan'),
(467, 'Sekolah Tinggi Agama Islam Sunan Giri Bojonegoro'),
(468, 'Sekolah Tinggi Agama Islam Swasta (STAIS) LAN Taboer'),
(469, 'Sekolah Tinggi Agama Islam Syamsul \'Ulum, Sukabumi'),
(470, 'Sekolah Tinggi Agama Islam Syekh Mansyur'),
(471, 'Sekolah Tinggi Agama Islam Syekh Maulana Qori Bangko'),
(472, 'Sekolah Tinggi Agama Islam Tapanuli Padang Sidempuan'),
(473, 'Sekolah Tinggi Agama Islam Tasikmalaya'),
(474, 'Sekolah Tinggi Agama Islam Taswirul Afkar Surabaya'),
(475, 'Sekolah Tinggi Agama Islam UISU Pematang Siantar'),
(476, 'Sekolah Tinggi Agama Islam Walisembilan, Semarang (STAI WS)'),
(477, 'Sekolah Tinggi Agama Islam Wasilatul Falah Rangkas Bitung'),
(478, 'Sekolah Tinggi Agama Islam Yapis Takalar, Makassar'),
(479, 'Sekolah Tinggi Agama Islam YAPPTI Pesisir Selatan Balai Salasa, Sumatera Barat'),
(480, 'Sekolah Tinggi Agama Islam YASNI Muara Bungo'),
(481, 'Sekolah Tinggi Agama Islam YPI Bangka'),
(482, 'Sekolah Tinggi Agama Islam Yunisma Pamekasan'),
(483, 'Sekolah Tinggi Agama Islam Zainul Hasan Genggong, Probolinggo'),
(484, 'Sekolah Tinggi Bahasa Asing \"IEC\"'),
(485, 'Sekolah Tinggi Bahasa Asing Harapan Medan'),
(486, 'Sekolah Tinggi Bahasa Asing Indonesia Internasional, Bandung'),
(487, 'Sekolah Tinggi Bahasa Asing JIA Bekasi'),
(488, 'Sekolah Tinggi Bahasa Asing LIA Yogyakarta'),
(489, 'Sekolah Tinggi Bahasa Asing LIA, Jakarta'),
(490, 'Sekolah Tinggi Bahasa Asing Methodist Palembang'),
(491, 'Sekolah Tinggi Bahasa Asing Prayoga Padang'),
(492, 'Sekolah Tinggi Bahasa Asing Sebelas April Sumedang'),
(493, 'Sekolah Tinggi Bahasa Asing Teknokrat Bandar Lampung'),
(494, 'Sekolah Tinggi Bahasa Asing YAPARI'),
(495, 'Sekolah Tinggi Bahasa Asing YUNISLA, Bandar Lampung'),
(496, 'Sekolah Tinggi Bahasa Pertiwi Indonesia'),
(497, 'Sekolah Tinggi Desain Indonesia Bandung'),
(498, 'Sekolah Tinggi Desain Interstudi, Jakarta'),
(499, 'Sekolah Tinggi Ekonomi Al-Khairiyah Banten'),
(500, 'Sekolah Tinggi Farmasi Bandung'),
(501, 'Sekolah Tinggi Farmasi dan Pengetahuan Alam (STIFA) Palu'),
(502, 'Sekolah Tinggi Farmasi Indonesia'),
(503, 'Sekolah Tinggi Farmasi Indonesia (STFI) Bandung'),
(504, 'Sekolah Tinggi Farmasi Indonesia Perintis Padang'),
(505, 'Sekolah Tinggi Filsafat Driyarkara'),
(506, 'Sekolah Tinggi Filsafat Katolik Ledalero'),
(507, 'Sekolah Tinggi Filsafat Seminari Pineleng'),
(508, 'Sekolah Tinggi Filsafat Theologi Widya Sasana'),
(509, 'Sekolah Tinggi Filsafat Theologia Fajar Timur, Jayapura'),
(510, 'Sekolah Tinggi Filsafat Theologia Jaffray,'),
(511, 'Sekolah Tinggi Filsafat Theologia, Jakarta'),
(512, 'Sekolah Tinggi Hukum Bandung'),
(513, 'Sekolah Tinggi Hukum Indonesia (STHI) Jakarta'),
(514, 'Sekolah Tinggi Hukum Militer (STHM), Jakarta'),
(515, 'Sekolah Tinggi Hukum Purnawarman, Purwakarta'),
(516, 'Sekolah Tinggi Ilmu Administrasi (STIA) - \"Aan\"'),
(517, 'Sekolah Tinggi Ilmu Administrasi (STIA) Bina Taruna Gorontalo'),
(518, 'Sekolah Tinggi Ilmu Administrasi (STIA) Cimahi'),
(519, 'Sekolah Tinggi Ilmu Administrasi (STIA) Nasional, Lhokseumawe'),
(520, 'Sekolah Tinggi Ilmu Administrasi (STIA) Pembangunan Palu'),
(521, 'Sekolah Tinggi Ilmu Administrasi Adabiah Padang'),
(522, 'Sekolah Tinggi Ilmu Administrasi Al-Ghazali Barru'),
(523, '___Sekolah Tinggi Ilmu Administrasi B a g a s a s i (DOUBLE HAPUS AZA)'),
(524, 'Sekolah Tinggi Ilmu Administrasi Bandung'),
(525, 'Sekolah Tinggi Ilmu Administrasi Banten'),
(526, 'Sekolah Tinggi Ilmu Administrasi Bayuangga Probolinggo'),
(527, 'Sekolah Tinggi Ilmu Administrasi Bengkulu'),
(528, 'Sekolah Tinggi Ilmu Administrasi Bina Banua, Banjarnasin'),
(529, 'Sekolah Tinggi Ilmu Administrasi dan Manajemen Kepelabuhan Barunawati'),
(530, 'Sekolah Tinggi Ilmu Administrasi dan Sekretari (STAds) ASMI'),
(531, 'Sekolah Tinggi Ilmu Administrasi dan Sekretari Bunda Hati Kudus'),
(532, 'Sekolah Tinggi Ilmu Administrasi Kawula Indonesia'),
(533, 'Sekolah Tinggi Ilmu Administrasi LAN'),
(534, 'Sekolah Tinggi Ilmu Administrasi LAN Jakarta'),
(535, 'Sekolah Tinggi Ilmu Administrasi LAN Ujung Pandang (Makassar)'),
(536, 'Sekolah Tinggi Ilmu Administrasi LPPN Padang'),
(537, 'Sekolah Tinggi Ilmu Administrasi Madani Klaten'),
(538, 'Sekolah Tinggi Ilmu Administrasi Malang'),
(539, 'Sekolah Tinggi Ilmu Administrasi Mandala Indonesia (STIAMI), Jakarta'),
(540, 'Sekolah Tinggi Ilmu Administrasi Mataram'),
(541, 'Sekolah Tinggi Ilmu Administrasi Maulana Yusuf'),
(542, 'Sekolah Tinggi Ilmu Administrasi Menara Siswa Bogor'),
(543, 'Sekolah Tinggi Ilmu Administrasi Muhammadiyah Selong'),
(544, 'Sekolah Tinggi Ilmu Administrasi Nusantara Sakti, Sungai Penuh'),
(545, 'Sekolah Tinggi Ilmu Administrasi Pagaruyung, Batusangkar'),
(546, 'Sekolah Tinggi Ilmu Administrasi Panglima Sudirman, Surabaya'),
(547, 'Sekolah Tinggi Ilmu Administrasi Pembangunan Jember'),
(548, 'Sekolah Tinggi Ilmu Administrasi Prima, Bone'),
(549, 'Sekolah Tinggi Ilmu Administrasi Puangrimagglatun'),
(550, 'Sekolah Tinggi Ilmu Administrasi Sebelas April Sumedang'),
(551, 'Sekolah Tinggi Ilmu Administrasi Setih Setio Muara Bungo'),
(552, 'Sekolah Tinggi Ilmu Administrasi Trinitas Ambon, Ambon'),
(553, 'Sekolah Tinggi Ilmu Administrasi YAPPANN Jakarta'),
(554, 'Sekolah Tinggi Ilmu Administrasi YAPPI Ujung Pandang'),
(555, 'Sekolah Tinggi Ilmu Administrasi YPIAMI, Jakarta'),
(556, 'Sekolah Tinggi Ilmu Administrasi YPPM Majalengka'),
(557, 'Sekolah Tinggi Ilmu Administrasi YPPT Priatim, Tasikmalaya'),
(558, 'Sekolah Tinggi Ilmu Agama Darul Ulum Jombang'),
(559, 'Sekolah Tinggi Ilmu Bahasa Asing Malang'),
(560, 'Sekolah Tinggi Ilmu Bahasa Asing Satya Widya, Surabaya'),
(561, 'Sekolah Tinggi Ilmu Ekonomi (STEMBI)'),
(562, 'Sekolah Tinggi Ilmu Ekonomi (STMY) Majalengka'),
(563, 'Sekolah Tinggi Ilmu Ekonomi (STEI) Gentiaras, Bandar Lampung'),
(564, 'Sekolah Tinggi Ilmu Ekonomi (STEI) Graha Kirana Medan'),
(565, 'Sekolah Tinggi Ilmu Ekonomi (STEI) Indonesia Banda Aceh'),
(566, 'Sekolah Tinggi Ilmu Ekonomi (STEI) Indonesia Banking School, Jakarta'),
(567, 'Sekolah Tinggi Ilmu Ekonomi (STEI) International Business Management Indonesia (IBMI), Medan'),
(568, 'Sekolah Tinggi Ilmu Ekonomi (STEI) ITMI Medan'),
(569, 'Sekolah Tinggi Ilmu Ekonomi (STEI) Muhammadiyah Jambi'),
(570, 'Sekolah Tinggi Ilmu Ekonomi (STEI) Muhammadiyah Mamuju'),
(571, 'Sekolah Tinggi Ilmu Ekonomi (STEI) Pelita Bangsa, Bekasi'),
(572, 'Sekolah Tinggi Ilmu Ekonomi (STEI) Pelita Bangsa, Binjai'),
(573, 'Sekolah Tinggi Ilmu Ekonomi (STEI) Port Numbay, Jayapura'),
(574, 'Sekolah Tinggi Ilmu Ekonomi (STEI) Swadaya Manado'),
(575, 'Sekolah Tinggi Ilmu Ekonomi (STEI) Taman Harapan Medan'),
(576, 'Sekolah Tinggi Ilmu Ekonomi (STEI) Yapman Majene'),
(577, 'Sekolah Tinggi Ilmu Ekonomi (STEI) Yapti, Jeneponto'),
(578, 'Sekolah Tinggi Ilmu Ekonomi 45 Mataram, Mataram'),
(579, 'Sekolah Tinggi Ilmu Ekonomi Adhy Niaga, Bekasi'),
(580, 'Sekolah Tinggi Ilmu Ekonomi Adi Unggul Bhirawa (AUB) Surakarta'),
(581, 'Sekolah Tinggi Ilmu Ekonomi Ahmad Dahlan Jakarta'),
(582, 'Sekolah Tinggi Ilmu Ekonomi Al-Hikmah Medan'),
(583, 'Sekolah Tinggi Ilmu Ekonomi AMA Salatiga'),
(584, 'Sekolah Tinggi Ilmu Ekonomi AMKOP, Makassar'),
(585, 'Sekolah Tinggi Ilmu Ekonomi AMM, Mataram'),
(586, 'Sekolah Tinggi Ilmu Ekonomi Amsir Pare-pare'),
(587, 'Sekolah Tinggi Ilmu Ekonomi Anindyaguna Semarang'),
(588, 'Sekolah Tinggi Ilmu Ekonomi APRIN Palembang'),
(589, 'Sekolah Tinggi Ilmu Ekonomi Artha Bodhi Iswara, Surabaya'),
(590, 'Sekolah Tinggi Ilmu Ekonomi Atma Bhakti Surakarta'),
(591, 'Sekolah Tinggi Ilmu Ekonomi Bajiminasa Ujung Pandang'),
(592, 'Sekolah Tinggi Ilmu Ekonomi Balikpapan (STIEPAN)'),
(593, 'Sekolah Tinggi Ilmu Ekonomi Bandung'),
(594, 'Sekolah Tinggi Ilmu Ekonomi Bank BPD Jateng, Semarang'),
(595, 'Sekolah Tinggi Ilmu Ekonomi Bank, Sleman - Yogyakarta'),
(596, 'Sekolah Tinggi Ilmu Ekonomi Banten'),
(597, 'Sekolah Tinggi Ilmu Ekonomi Bhakti Pembangunan, Jakarta'),
(598, 'Sekolah Tinggi Ilmu Ekonomi BII, Bekasi'),
(599, 'Sekolah Tinggi Ilmu Ekonomi Bina Nusantara Lampung (BINUSLA), Bandar Lampung'),
(600, 'Sekolah Tinggi Ilmu Ekonomi Binaniaga, Bogor'),
(601, 'Sekolah Tinggi Ilmu Ekonomi Bisma Lepisi'),
(602, 'Sekolah Tinggi Ilmu Ekonomi Bisnis Indonesia, Jakarta'),
(603, 'Sekolah Tinggi Ilmu Ekonomi Bongaya YPBUP Makassar'),
(604, 'Sekolah Tinggi Ilmu Ekonomi BPIP Insan Pembangunan Banten'),
(605, 'Sekolah Tinggi Ilmu Ekonomi Budhi Tangerang'),
(606, 'Sekolah Tinggi Ilmu Ekonomi Budi Utomo Manado'),
(607, 'Sekolah Tinggi Ilmu Ekonomi Bulungan Tarakan'),
(608, 'Sekolah Tinggi Ilmu Ekonomi Cakrawala Malang'),
(609, 'Sekolah Tinggi Ilmu Ekonomi Canda Bhirawa Kediri'),
(610, 'Sekolah Tinggi Ilmu Ekonomi Cendekia Bojonegoro'),
(611, 'Sekolah Tinggi Ilmu Ekonomi Cendekia Karya Utama'),
(612, 'Sekolah Tinggi Ilmu Ekonomi Cirebon'),
(613, 'Sekolah Tinggi Ilmu Ekonomi Darmajaya Bandar Lampung'),
(614, 'Sekolah Tinggi Ilmu Ekonomi Dehasen Bengkulu'),
(615, 'Sekolah Tinggi Ilmu Ekonomi Dewantara, Bogor'),
(616, 'Sekolah Tinggi Ilmu Ekonomi Dharma Agung'),
(617, 'Sekolah Tinggi Ilmu Ekonomi Dharma Andalas'),
(618, 'Sekolah Tinggi Ilmu Ekonomi Dharma Bumiputera Jakarta'),
(619, 'Sekolah Tinggi Ilmu Ekonomi Dharma Nasional Jember'),
(620, 'Sekolah Tinggi Ilmu Ekonomi Dharma Negara, Bandung'),
(621, 'Sekolah Tinggi Ilmu Ekonomi Dharmaputra Semarang'),
(622, 'Sekolah Tinggi Ilmu Ekonomi Dr. Moechtar Talib, Jakarta'),
(623, 'Sekolah Tinggi Ilmu Ekonomi Dwi Sakti Baturaja'),
(624, 'Sekolah Tinggi Ilmu Ekonomi Dwipa Wacana'),
(625, 'Sekolah Tinggi Ilmu Ekonomi Eben Haezer, Manado'),
(626, 'Sekolah Tinggi Ilmu Ekonomi Eka Prasetya Medan'),
(627, 'Sekolah Tinggi Ilmu Ekonomi EKUITAS'),
(628, 'Sekolah Tinggi Ilmu Ekonomi Enam-Enam Kendari, Kendari'),
(629, 'Sekolah Tinggi Ilmu Ekonomi Ganesha, Jakarta'),
(630, 'Sekolah Tinggi Ilmu Ekonomi GICI, Depok'),
(631, 'Sekolah Tinggi Ilmu Ekonomi Gotong Royong, Jakarta'),
(632, 'Sekolah Tinggi Ilmu Ekonomi H. Agus Salim, Bukit Tinggi'),
(633, 'Sekolah Tinggi Ilmu Ekonomi Harapan, Medan'),
(634, 'Sekolah Tinggi Ilmu Ekonomi IBBI, Medan'),
(635, 'Sekolah Tinggi Ilmu Ekonomi IBEK Pangkal Pinang'),
(636, 'Sekolah Tinggi Ilmu Ekonomi IBEK, Jakarta'),
(637, 'Sekolah Tinggi Ilmu Ekonomi IBMT, Surabaya'),
(638, 'Sekolah Tinggi Ilmu Ekonomi Ibnu Sina Batam'),
(639, 'Sekolah Tinggi Ilmu Ekonomi IGI, Jakarta'),
(640, 'Sekolah Tinggi Ilmu Ekonomi Indonesia (STIESIA), Surabaya'),
(641, 'Sekolah Tinggi Ilmu Ekonomi Indonesia Banjarmasin'),
(642, 'Sekolah Tinggi Ilmu Ekonomi Indonesia Emas'),
(643, 'Sekolah Tinggi Ilmu Ekonomi Indonesia Internasional'),
(644, 'Sekolah Tinggi Ilmu Ekonomi Indonesia Jakarta'),
(645, 'Sekolah Tinggi Ilmu Ekonomi Indonesia Makassar'),
(646, 'Sekolah Tinggi Ilmu Ekonomi Indonesia Malang'),
(647, 'Sekolah Tinggi Ilmu Ekonomi Indonesia Membangun (INABA)'),
(648, 'Sekolah Tinggi Ilmu Ekonomi Indonesia Mulia Darma Pratama Palembang'),
(649, 'Sekolah Tinggi Ilmu Ekonomi Informasi Teknologi dan Bisnis, Medan'),
(650, 'Sekolah Tinggi Ilmu Ekonomi IPMI'),
(651, 'Sekolah Tinggi Ilmu Ekonomi IPWIJA, Jakarta'),
(652, 'Sekolah Tinggi Ilmu Ekonomi Islam (STEI) Tazkia, Bogor'),
(653, 'Sekolah Tinggi Ilmu Ekonomi Isti Ekatana Upaweda (IEU), Yogyakarta'),
(654, 'Sekolah Tinggi Ilmu Ekonomi Jakarta International College'),
(655, 'Sekolah Tinggi Ilmu Ekonomi Jambi'),
(656, 'Sekolah Tinggi Ilmu Ekonomi Jayakarta'),
(657, 'Sekolah Tinggi Ilmu Ekonomi Jayakusuma Jakarta'),
(658, 'Sekolah Tinggi Ilmu Ekonomi Jayanegara, Malang'),
(659, 'Sekolah Tinggi Ilmu Ekonomi Kalpataru Cibinong'),
(660, 'Sekolah Tinggi Ilmu Ekonomi Kampus Ungu'),
(661, 'Sekolah Tinggi Ilmu Ekonomi KBP Padang'),
(662, 'Sekolah Tinggi Ilmu Ekonomi Kediri'),
(663, 'Sekolah Tinggi Ilmu Ekonomi Kerjasama, Yogyakarta'),
(664, 'Sekolah Tinggi Ilmu Ekonomi Kertanegara Malang'),
(665, 'Sekolah Tinggi Ilmu Ekonomi Kesatuan, Bogor'),
(666, 'Sekolah Tinggi Ilmu Ekonomi Keuangan dan Perbankan Indonesia (STEKPI), Jakarta'),
(667, 'Sekolah Tinggi Ilmu Ekonomi Koperasi Malang'),
(668, 'Sekolah Tinggi Ilmu Ekonomi Kosgoro Jember'),
(669, 'Sekolah Tinggi Ilmu Ekonomi Kusuma Negara'),
(670, 'Sekolah Tinggi Ilmu Ekonomi La Tansa Mashiro'),
(671, 'Sekolah Tinggi Ilmu Ekonomi Lamaddukeleng Sengkang'),
(672, 'Sekolah Tinggi Ilmu Ekonomi Lamappapoleonro'),
(673, 'Sekolah Tinggi Ilmu Ekonomi Lampung'),
(674, 'Sekolah Tinggi Ilmu Ekonomi Lampung Timur'),
(675, 'Sekolah Tinggi Ilmu Ekonomi Lembah Dempo'),
(676, 'Sekolah Tinggi Ilmu Ekonomi M.H. Thamrin'),
(677, 'Sekolah Tinggi Ilmu Ekonomi Mahardhika, Surabaya'),
(678, 'Sekolah Tinggi Ilmu Ekonomi Mah-Eisa, Manokwari'),
(679, 'Sekolah Tinggi Ilmu Ekonomi Malangkuceqwara'),
(680, 'Sekolah Tinggi Ilmu Ekonomi Manajemen Industri dan Jasa Indonesia (MAIJI), Jakarta'),
(681, 'Sekolah Tinggi Ilmu Ekonomi Mandala, Jember'),
(682, 'Sekolah Tinggi Ilmu Ekonomi Miftahul Huda Subang'),
(683, 'Sekolah Tinggi Ilmu Ekonomi Mitra Indonesia Yogya'),
(684, 'Sekolah Tinggi Ilmu Ekonomi Mitra Lampung'),
(685, 'Sekolah Tinggi Ilmu Ekonomi Muara Teweh'),
(686, 'Sekolah Tinggi Ilmu Ekonomi Muhammadiyah Cilacap'),
(687, 'Sekolah Tinggi Ilmu Ekonomi Muhammadiyah Jakarta'),
(688, 'Sekolah Tinggi Ilmu Ekonomi Muhammadiyah Kalianda, Lampung'),
(689, 'Sekolah Tinggi Ilmu Ekonomi Muhammadiyah Palopo'),
(690, 'Sekolah Tinggi Ilmu Ekonomi Muhammadiyah Pekalongan'),
(691, 'Sekolah Tinggi Ilmu Ekonomi Muhammadiyah Pringsewu Lampung'),
(692, 'Sekolah Tinggi Ilmu Ekonomi Muhammadiyah Samarinda'),
(693, 'Sekolah Tinggi Ilmu Ekonomi Muhammadiyah Tangerang'),
(694, 'Sekolah Tinggi Ilmu Ekonomi Mujahidin Tolitoli'),
(695, 'Sekolah Tinggi Ilmu Ekonomi Mulia Pratama Bekasi'),
(696, 'Sekolah Tinggi Ilmu Ekonomi Musi Palembang'),
(697, 'Sekolah Tinggi Ilmu Ekonomi Musi Rawas (MURA)'),
(698, 'Sekolah Tinggi Ilmu Ekonomi Nahdlatul Ulama Jepara'),
(699, 'Sekolah Tinggi Ilmu Ekonomi Nasional Banjarmasin'),
(700, 'Sekolah Tinggi Ilmu Ekonomi Nasional Indonesia, Jakarta'),
(701, 'Sekolah Tinggi Ilmu Ekonomi Nasional Mataram'),
(702, 'Sekolah Tinggi Ilmu Ekonomi Nasional Samarinda'),
(703, 'Sekolah Tinggi Ilmu Ekonomi Nganjuk'),
(704, 'Sekolah Tinggi Ilmu Ekonomi Nobel Indonesia, Makassar'),
(705, 'Sekolah Tinggi Ilmu Ekonomi Nusa Bangsa, Medan'),
(706, 'Sekolah Tinggi Ilmu Ekonomi Nusa Megarkencana, Yogyakarta'),
(707, 'Sekolah Tinggi Ilmu Ekonomi Nusantara Jakarta'),
(708, 'Sekolah Tinggi Ilmu Ekonomi Nusantara Makassar'),
(709, 'Sekolah Tinggi Ilmu Ekonomi Ottow dan Geissler Jayapura'),
(710, 'Sekolah Tinggi Ilmu Ekonomi Pagaruyung Batusangkar'),
(711, 'Sekolah Tinggi Ilmu Ekonomi Palangka Raya'),
(712, 'Sekolah Tinggi Ilmu Ekonomi Panca Bhakti, Palu'),
(713, 'Sekolah Tinggi Ilmu Ekonomi Pancasetia Banjarmasin'),
(714, 'Sekolah Tinggi Ilmu Ekonomi Paripurna Banten'),
(715, 'Universitas Karo, Kabanjahe'),
(716, 'Sekolah Tinggi Ilmu Ekonomi Pariwisata Indonesia, Semarang'),
(717, 'Sekolah Tinggi Ilmu Ekonomi Pariwisata Internasional'),
(718, 'Sekolah Tinggi Ilmu Ekonomi Pariwisata Triatma Mulya, Denpasar'),
(719, 'Sekolah Tinggi Ilmu Ekonomi Pariwisata YAPARI-AKTRIPA Bandung'),
(720, 'Sekolah Tinggi Ilmu Ekonomi Pasim, Bandung'),
(721, 'Sekolah Tinggi Ilmu Ekonomi Pasundan, Bandung'),
(722, 'Sekolah Tinggi Ilmu Ekonomi Patria Artha Makassar'),
(723, 'Sekolah Tinggi Ilmu Ekonomi Pelita Nusantara'),
(724, 'Sekolah Tinggi Ilmu Ekonomi Pembangunan Indonesia, Makassar'),
(725, 'Sekolah Tinggi Ilmu Ekonomi Pengembangan Bisnis dan Manajemen (PBM)'),
(726, 'Sekolah Tinggi Ilmu Ekonomi Perbanas Surabaya'),
(727, 'Sekolah Tinggi Ilmu Ekonomi Perbanas, Jakarta'),
(728, 'Sekolah Tinggi Ilmu Ekonomi Perbankan Indonesia, Padang'),
(729, 'Sekolah Tinggi Ilmu Ekonomi Perdagangan'),
(730, 'Sekolah Tinggi Ilmu Ekonomi Persada Bunda, Pekanbaru'),
(731, 'Sekolah Tinggi Ilmu Ekonomi Pertiba Pangkal Pinang'),
(732, 'Sekolah Tinggi Ilmu Ekonomi Pertiwi, Bekasi'),
(733, 'Sekolah Tinggi Ilmu Ekonomi Petra Bitung'),
(734, 'Sekolah Tinggi Ilmu Ekonomi PGRI Dewantara Jombang'),
(735, 'Sekolah Tinggi Ilmu Ekonomi PGRI Sukabumi'),
(736, 'Sekolah Tinggi Ilmu Ekonomi Pontianak'),
(737, 'Sekolah Tinggi Ilmu Ekonomi Prima Visi Surabaya'),
(738, 'Sekolah Tinggi Ilmu Ekonomi Putra Bangsa, Kebumen'),
(739, 'Sekolah Tinggi Ilmu Ekonomi Ragam Tunas Bandar Lampung'),
(740, 'Sekolah Tinggi Ilmu Ekonomi Rahmaniyah Sekayu'),
(741, 'Sekolah Tinggi Ilmu Ekonomi Rajawali'),
(742, 'Sekolah Tinggi Ilmu Ekonomi Riau'),
(743, 'Sekolah Tinggi Ilmu Ekonomi Sabang, Banda Aceh'),
(744, 'Sekolah Tinggi Ilmu Ekonomi Sailendra'),
(745, 'Sekolah Tinggi Ilmu Ekonomi Sakti Alam Kerinci'),
(746, 'Sekolah Tinggi Ilmu Ekonomi Sampit'),
(747, 'Sekolah Tinggi Ilmu Ekonomi Satria Purwokerto'),
(748, 'Sekolah Tinggi Ilmu Ekonomi Satu Nusa (STIE-SAN) Bandar Lampung'),
(749, 'Sekolah Tinggi Ilmu Ekonomi Satya Dharma Singaraja'),
(750, 'Sekolah Tinggi Ilmu Ekonomi Sebelas April'),
(751, 'Sekolah Tinggi Ilmu Ekonomi Semarang'),
(752, 'Sekolah Tinggi Ilmu Ekonomi Serang'),
(753, 'Sekolah Tinggi Ilmu Ekonomi Serasan Muara Enim'),
(754, 'Sekolah Tinggi Ilmu Ekonomi SERELO Lahat'),
(755, 'Sekolah Tinggi Ilmu Ekonomi Solusi Bisnis Indonesia (SBI), Yogyakarta'),
(756, 'Sekolah Tinggi Ilmu Ekonomi Sri Gemilang Tembilahan, Riau'),
(757, 'Sekolah Tinggi Ilmu Ekonomi STAN Indonesia Mandiri'),
(758, 'Sekolah Tinggi Ilmu Ekonomi STIKUBANK, Semarang'),
(759, 'Sekolah Tinggi Ilmu Ekonomi Sumatera Barat, Pariaman'),
(760, 'Sekolah Tinggi Ilmu Ekonomi Supra'),
(761, 'Sekolah Tinggi Ilmu Ekonomi Surakarta'),
(762, 'Sekolah Tinggi Ilmu Ekonomi Sutaatmadja'),
(763, 'Sekolah Tinggi Ilmu Ekonomi Swadaya Medan'),
(764, 'Sekolah Tinggi Ilmu Ekonomi Swadaya, Jakarta'),
(765, 'Sekolah Tinggi Ilmu Ekonomi Swasta Mandiri Surakarta'),
(766, 'Sekolah Tinggi Ilmu Ekonomi Tamansiswa Jakarta'),
(767, 'Sekolah Tinggi Ilmu Ekonomi Teladan Medan'),
(768, 'Sekolah Tinggi Ilmu Ekonomi Tri Bhakti, Bekasi'),
(769, 'Sekolah Tinggi Ilmu Ekonomi Tri Dharma Widya'),
(770, 'Sekolah Tinggi Ilmu Ekonomi Trianandra Kartasura'),
(771, 'Sekolah Tinggi Ilmu Ekonomi TRICOM Medan'),
(772, 'Sekolah Tinggi Ilmu Ekonomi Tridharma'),
(773, 'Sekolah Tinggi Ilmu Ekonomi Triguna, Bogor'),
(774, 'Sekolah Tinggi Ilmu Ekonomi Trisakti'),
(775, 'Sekolah Tinggi Ilmu Ekonomi Trisna Negara, Palembang'),
(776, 'Sekolah Tinggi Ilmu Ekonomi Tunas Nusantara Jakarta'),
(777, 'Sekolah Tinggi Ilmu Ekonomi Urip Sumoharjo, Surabaya'),
(778, 'Sekolah Tinggi Ilmu Ekonomi Wahidiyah Kediri'),
(779, 'Sekolah Tinggi Ilmu Ekonomi Wibawa Karta Raharja (WIKARA) Purwakarta'),
(780, 'Sekolah Tinggi Ilmu Ekonomi Widya Dharma Pontianak'),
(781, 'Sekolah Tinggi Ilmu Ekonomi Widya Dharma, Surabaya'),
(782, 'Sekolah Tinggi Ilmu Ekonomi Widya Gama Lumajang'),
(783, 'Sekolah Tinggi Ilmu Ekonomi Widya Jayakarta'),
(784, 'Sekolah Tinggi Ilmu Ekonomi Widya Manggala, Semarang'),
(785, 'Sekolah Tinggi Ilmu Ekonomi Widya Manggalia Brebes'),
(786, 'Sekolah Tinggi Ilmu Ekonomi Widya Persada Jakarta'),
(787, 'Sekolah Tinggi Ilmu Ekonomi Widya Wiwaha, Yogyakarta'),
(788, 'Sekolah Tinggi Ilmu Ekonomi Wijaya Kesuma, Sampit'),
(789, 'Sekolah Tinggi Ilmu Ekonomi Wijaya Mulya Surakarta'),
(790, 'Sekolah Tinggi Ilmu Ekonomi Wilwatikta, Surabaya'),
(791, 'Sekolah Tinggi Ilmu Ekonomi YAI'),
(792, 'Sekolah Tinggi Ilmu Ekonomi YAPPAS Lubuk Sikaping'),
(793, 'Sekolah Tinggi Ilmu Ekonomi Yasa Anggana Garut'),
(794, 'Sekolah Tinggi Ilmu Ekonomi YASMI Cirebon'),
(795, 'Sekolah Tinggi Ilmu Ekonomi Yayasan Perguruan Tinggi'),
(796, 'Sekolah Tinggi Ilmu Ekonomi YKP, Yogyakarta'),
(797, 'Sekolah Tinggi Ilmu Ekonomi YKPN, Yogyakarta'),
(798, 'Sekolah Tinggi Ilmu Ekonomi YPBI (Yayasan Pengembangan Bisnis Indonesia)'),
(799, 'Sekolah Tinggi Ilmu Ekonomi YP-Karya Tangerang'),
(800, 'Sekolah Tinggi Ilmu Ekonomi YPPI Rembang'),
(801, 'Sekolah Tinggi Ilmu Ekonomi YPPM Majalengka'),
(802, 'Sekolah Tinggi Ilmu Ekonomi YPUP (Yayasan Pend. Ujung Pandang), Ujung Pandang'),
(803, 'Sekolah Tinggi Ilmu Farmasi (STIFAR) Yayasan Pharmasi Semarang'),
(804, 'Sekolah Tinggi Ilmu Hukum (STIH) Al-Hikmah Medan'),
(805, 'Sekolah Tinggi Ilmu Hukum (STIH) Graha Kirana Medan'),
(806, 'Sekolah Tinggi Ilmu Hukum (STIH) Lubuk Sikaping'),
(807, 'Sekolah Tinggi Ilmu Hukum (STIH) Swadaya'),
(808, 'Sekolah Tinggi Ilmu Hukum (YPKMI) Padang'),
(809, 'Sekolah Tinggi Ilmu Hukum Benteng Huraba, Padang Sidempuan'),
(810, 'Sekolah Tinggi Ilmu Hukum Galunggung, Tasikmalaya'),
(811, 'Sekolah Tinggi Ilmu Hukum Garut'),
(812, 'Sekolah Tinggi Ilmu Hukum Gunung Jati Tangerang'),
(813, 'Sekolah Tinggi Ilmu Hukum LPIHM - IBLAM, Jakarta'),
(814, 'Sekolah Tinggi Ilmu Hukum Manokwari'),
(815, 'Sekolah Tinggi Ilmu Hukum Muhammadiyah Bima'),
(816, 'Sekolah Tinggi Ilmu Hukum Muhammadiyah Kalianda'),
(817, 'Sekolah Tinggi Ilmu Hukum Muhammadiyah Kotabumi Lampung'),
(818, 'Sekolah Tinggi Ilmu Hukum Pasundan, Sukabumi'),
(819, 'Sekolah Tinggi Ilmu Hukum Pengayoman Watampone, Watampone'),
(820, 'Sekolah Tinggi Ilmu Hukum Pertiba Pangkal Pinang'),
(821, 'Sekolah Tinggi Ilmu Hukum Rahmaniyah'),
(822, 'Sekolah Tinggi Ilmu Hukum Serasan Muara Enim'),
(823, 'Sekolah Tinggi Ilmu Hukum Sultan Adam, Banjarmasin'),
(824, 'Sekolah Tinggi Ilmu Hukum Sumpah Pemuda, Palembang'),
(825, 'Sekolah Tinggi Ilmu Hukum Sunan Giri Malang'),
(826, 'Sekolah Tinggi Ilmu Hukum Umel Mandiri, Jayapura'),
(827, 'Sekolah Tinggi Ilmu Hukum Zainul Hasan Kraksaan, Probolinggo'),
(828, 'Sekolah Tinggi Ilmu Keguruan dan Ilmu Pendidikan (STIKIP) Muhammadiyah Sirendeng Rappang (Sindrap)'),
(829, 'Sekolah Tinggi Ilmu Keguruan dan Ilmu Pendidikan (STKIP) Muhammadiyah Bulukkumba'),
(830, 'Sekolah Tinggi Ilmu Keguruan dan Ilmu Pendidikan Abdi Pendidikan, Bukit Tinggi'),
(831, 'Sekolah Tinggi Ilmu Keguruan dan Ilmu Pendidikan Muhammadiyah Kotabumi Lampung'),
(832, 'Sekolah Tinggi Ilmu Keguruan dan Ilmu Pendidikan Muhammadiyah Pringsewu Lampung'),
(833, 'Sekolah Tinggi Ilmu Keguruan dan Ilmu Pendidikan PGRI Bandar Lampung'),
(834, 'Sekolah Tinggi Ilmu Keguruan dan Ilmu Pendidikan PGRI Jombang'),
(835, 'Sekolah Tinggi Ilmu Keguruan dan Ilmu Pendidikan PGRI Metro'),
(836, 'Sekolah Tinggi Ilmu Keguruan dan Ilmu Pendidikan Purnama, Jakarta'),
(837, 'Sekolah Tinggi Ilmu Keguruan dan Ilmu Pendidikan Tapanuli Selatan, Padang Sidempuan'),
(838, 'Sekolah Tinggi Ilmu Keguruan dan Ilmu Pendidikan YPPM Majalengka'),
(839, 'Sekolah Tinggi Ilmu Keislaman Annuqayah Guluk-guluk, Sumenep'),
(840, 'Sekolah Tinggi Ilmu Kepolisian PTIK, Jakarta'),
(841, 'Sekolah Tinggi Ilmu Kesehatan (STIK) Immanuel Bandung'),
(842, 'Sekolah Tinggi Ilmu Kesehatan (STIKes) Bakti Tunas Husada, Tasikmalaya'),
(843, 'Sekolah Tinggi Ilmu Kesehatan (STIKES) Baturaja'),
(844, 'Sekolah Tinggi Ilmu Kesehatan (STIKES) Bhakti Kencana'),
(845, 'Sekolah Tinggi Ilmu Kesehatan (STIKES) Bina Putra Banjar'),
(846, 'Sekolah Tinggi Ilmu Kesehatan (STIKES) Ceria Buana Lubuk Basung'),
(847, 'Sekolah Tinggi Ilmu Kesehatan (STIKES) Cirebon'),
(848, 'Sekolah Tinggi Ilmu Kesehatan (STIKES) Dharma Husada'),
(849, 'Sekolah Tinggi Ilmu Kesehatan (STIKES) Falatehan, Serang - Banten'),
(850, 'Sekolah Tinggi Ilmu Kesehatan (STIKES) Fort De Kock Bukit Tinggi'),
(851, 'Sekolah Tinggi Ilmu Kesehatan (STIKES) HAKLI Semarang'),
(852, 'Sekolah Tinggi Ilmu Kesehatan (STIKES) Hang Tuah Pekanbaru'),
(853, 'Sekolah Tinggi Ilmu Kesehatan (STIKES) Indramayu'),
(854, 'Sekolah Tinggi Ilmu Kesehatan (STIKES) Muhammadiyah Gombong'),
(855, 'Sekolah Tinggi Ilmu Kesehatan (STIKES) Nani Hasannudin, Makassar'),
(856, 'Sekolah Tinggi Ilmu Kesehatan (STIKES) Respati Yogyakarta'),
(857, 'Sekolah Tinggi Ilmu Kesehatan (STIKES) Surya Mitra Husada Kediri'),
(858, 'Sekolah Tinggi Ilmu Kesehatan Aisyiyah, Yogyakarta'),
(859, 'Sekolah Tinggi Ilmu Kesehatan Bali, Denpasar'),
(860, 'Sekolah Tinggi Ilmu Kesehatan Bina Husada Palembang'),
(861, 'Sekolah Tinggi Ilmu Kesehatan Bina Sehat PPNI Mojokerto, Mojokerto'),
(862, 'Sekolah Tinggi Ilmu Kesehatan Binawan'),
(863, 'Sekolah Tinggi Ilmu Kesehatan Indonesia Jaya Palu, Palu'),
(864, 'Sekolah Tinggi Ilmu Kesehatan Indonesia Maju (STIKIM) Jakarta'),
(865, 'Sekolah Tinggi Ilmu Kesehatan Jenderal Ahmad Yani Cimahi'),
(866, 'Sekolah Tinggi Ilmu Kesehatan Mahardika Cirebon'),
(867, 'Sekolah Tinggi Ilmu Kesehatan Makassar'),
(868, 'Sekolah Tinggi Ilmu Kesehatan Masyarakat Nusantara'),
(869, 'Sekolah Tinggi Ilmu Kesehatan Mataram'),
(870, 'Sekolah Tinggi Ilmu Kesehatan Mitra Lampung'),
(871, 'Sekolah Tinggi Ilmu Kesehatan Muhammadiyah Banjarmasin, Banjarmasin'),
(872, 'Sekolah Tinggi Ilmu Kesehatan Mutiara Indonesia'),
(873, 'Sekolah Tinggi Ilmu Kesehatan Ngudi Waluyo, Ungaran - Semarang'),
(874, 'Sekolah Tinggi Ilmu Kesehatan Respati Tasikmalaya'),
(875, 'Sekolah Tinggi Ilmu Kesehatan St. Carolus'),
(876, 'Sekolah Tinggi Ilmu Kesehatan Tamalarea'),
(877, 'Sekolah Tinggi Ilmu Kesejahteraan Sosial Tamalanrea'),
(878, 'Sekolah Tinggi Ilmu Komputer (STIK) PGRI Banyuwangi'),
(879, 'Sekolah Tinggi Ilmu Komputer (STIKOM) Dinamika Bangsa, Jambi'),
(880, 'Sekolah Tinggi Ilmu Komputer (STIKOM) Pelita Indonesia Pekanbaru'),
(881, 'Sekolah Tinggi Ilmu Komputer Poltek Cirebon'),
(882, 'Sekolah Tinggi Ilmu Komunikasi (STIKOM) Inter Studi, Jakarta'),
(883, 'Sekolah Tinggi Ilmu Komunikasi (STIKOM) Muhammadiyah Jayapura'),
(884, 'Sekolah Tinggi Ilmu Komunikasi Almamater Wartawan Surabaya (STIKOSA - AWS)'),
(885, 'Sekolah Tinggi Ilmu Komunikasi Bandung'),
(886, 'Sekolah Tinggi Ilmu Komunikasi Fajar, Makassar'),
(887, 'Sekolah Tinggi Ilmu Komunikasi LSPR Jakarta'),
(888, 'Sekolah Tinggi Ilmu Komunikasi Pembangunan, Medan'),
(889, 'Sekolah Tinggi Ilmu Komunikasi Semarang'),
(890, 'Sekolah Tinggi Ilmu Majanemen Jakarta, Jakarta'),
(891, 'Sekolah Tinggi Ilmu Majanemen Medan, Medan'),
(892, 'Sekolah Tinggi Ilmu Majanemen Nitro, Makassar'),
(893, 'Sekolah Tinggi Ilmu Manajemen (STIM) Lasharan Jaya, Makassar'),
(894, 'Sekolah Tinggi Ilmu Manajemen (STIM) Sukma Medan');
INSERT INTO `master_universitas` (`id`, `nama`) VALUES
(895, 'Sekolah Tinggi Ilmu Manajemen (STIMA) Kosgoro, Jakarta'),
(896, 'Sekolah Tinggi Ilmu Manajemen AMKOP Palembang'),
(897, 'Sekolah Tinggi Ilmu Manajemen Budi Bakti'),
(898, 'Sekolah Tinggi Ilmu Manajemen Dyana Pura Badung'),
(899, 'Sekolah Tinggi Ilmu Manajemen Handayani, Denpasar'),
(900, 'Sekolah Tinggi Ilmu Manajemen Indonesia (STIMI) Banjarmasin'),
(901, 'Sekolah Tinggi Ilmu Manajemen Informatika dan Komputer Perbanas Jakarta'),
(902, 'Sekolah Tinggi Ilmu Manajemen LPI Makassar'),
(903, 'Sekolah Tinggi Ilmu Manajemen LPMI, Jakarta'),
(904, 'Sekolah Tinggi Ilmu Manajemen Pase Langsa'),
(905, 'Sekolah Tinggi Ilmu Manajemen YAPIM Maros'),
(906, 'Sekolah Tinggi Ilmu Maritim AMI, Jakarta'),
(907, 'Sekolah Tinggi Ilmu Pelayaran, Jakarta'),
(908, 'Sekolah Tinggi Ilmu Pemerintahan Abdi Negara Tangerang'),
(909, 'Sekolah Tinggi Ilmu Perikanan Malang'),
(910, 'Sekolah Tinggi Ilmu Pertanian Bale Bandung'),
(911, 'Sekolah Tinggi Ilmu Pertanian Dharma Wacana Metro'),
(912, 'Sekolah Tinggi Ilmu Pertanian Farming'),
(913, 'Sekolah Tinggi Ilmu Pertanian Tanrapattanabali Mamuju'),
(914, 'Sekolah Tinggi Ilmu Sosial dan Ilmu Politik (STISIPOL) Dharma Wacana Metro'),
(915, 'Sekolah Tinggi Ilmu Sosial dan Ilmu Politik (STSIPOL) Tanratupattanabali Mamuju'),
(916, 'Sekolah Tinggi Ilmu Sosial dan Ilmu Politik 17 Agustus 1945, Ujung Pandang'),
(917, 'Sekolah Tinggi Ilmu Sosial dan Ilmu Politik Bina Putra Banjar'),
(918, 'Sekolah Tinggi Ilmu Sosial dan Ilmu Politik Candradimuka, Palembang'),
(919, 'Sekolah Tinggi Ilmu Sosial dan Ilmu Politik Kartika Bangsa Yogyakarta'),
(920, 'Sekolah Tinggi Ilmu Sosial dan Ilmu Politik Margarana'),
(921, 'Sekolah Tinggi Ilmu Sosial dan Ilmu Politik Mbojo, Bima'),
(922, 'Sekolah Tinggi Ilmu Sosial dan Ilmu Politik Merdeka, Manado'),
(923, 'Sekolah Tinggi Ilmu Sosial dan Ilmu Politik Muhammadiyah Madiun'),
(924, 'Sekolah Tinggi Ilmu Sosial dan Ilmu Politik Muhammadiyah Sidenreng Rappang, Sidrap'),
(925, 'Sekolah Tinggi Ilmu Sosial dan Ilmu Politik Panca Bakti Palu'),
(926, 'Sekolah Tinggi Ilmu Sosial dan Ilmu Politik Pusaka Nusantara, Jakarta'),
(927, 'Sekolah Tinggi Ilmu Sosial dan Ilmu Politik Syamsul Ulum, Sukabumi'),
(928, 'Sekolah Tinggi Ilmu Sosial dan Ilmu Politik Tasikmalaya'),
(929, 'Sekolah Tinggi Ilmu Sosial dan Ilmu Politik Widuri, Jakarta'),
(930, 'Sekolah Tinggi Ilmu Sosial dan Ilmu Politik Widyapuri Mandiri Sukabumi'),
(931, 'Sekolah Tinggi Ilmu Sosial dan Ilmu Politik Wira Bhakti Denpasar'),
(932, 'Sekolah Tinggi Ilmu Sosial dan Ilmu Politik Yuppentek'),
(933, 'Sekolah Tinggi Ilmu Sospol Imam Bonjol'),
(934, 'Sekolah Tinggi Ilmu Syari\'ah Al-Hilal Sigli'),
(935, 'Sekolah Tinggi Ilmu Syari\'ah Yogyakarta'),
(936, 'Sekolah Tinggi Ilmu Syari\'ah, Yogyakarta'),
(937, 'Sekolah Tinggi Ilmu Tarbiyah (STIT) Pemalang'),
(938, 'Sekolah Tinggi Ilmu Tarbiyah (STIT) Raden Rahmat'),
(939, 'Sekolah Tinggi Ilmu Tarbiyah (STIT) Sunan Giri Trenggalek'),
(940, 'Sekolah Tinggi Ilmu Tarbiyah (STIT) Uluwiyah Mojosari Mojokerto'),
(941, 'Sekolah Tinggi Ilmu Tarbiyah Agus Salim Metro'),
(942, 'Sekolah Tinggi Ilmu Tarbiyah Ahlussunnah Bukit Tinggi'),
(943, 'Sekolah Tinggi Ilmu Tarbiyah Al Amin, Indramayu'),
(944, 'Sekolah Tinggi Ilmu Tarbiyah Al Hilal Sigli'),
(945, 'Sekolah Tinggi Ilmu Tarbiyah Al Muslihun, Blitar'),
(946, 'Sekolah Tinggi Ilmu Tarbiyah Al-Falah, Banjarbaru'),
(947, 'Sekolah Tinggi Ilmu Tarbiyah Al-Mustaqim Negara Bali'),
(948, 'Sekolah Tinggi Ilmu Tarbiyah Al-Quraniyah'),
(949, 'Sekolah Tinggi Ilmu Tarbiyah Brebes, Brebes'),
(950, 'Sekolah Tinggi Ilmu Tarbiyah Daarussalam Sukabumi'),
(951, 'Sekolah Tinggi Ilmu Tarbiyah Darul Ulum Kotabaru'),
(952, 'Sekolah Tinggi Ilmu Tarbiyah Diniyah Puteri Rahmah El Yunusiyah, Padang'),
(953, 'Sekolah Tinggi Ilmu Tarbiyah Gajah Putih, Takengon'),
(954, 'Sekolah Tinggi Ilmu Tarbiyah INSIDA (Institut Studi Islam Darul Qalam), Jakarta'),
(955, 'Sekolah Tinggi Ilmu Tarbiyah Islamiyah'),
(956, 'Sekolah Tinggi Ilmu Tarbiyah Kuala Kapuas'),
(957, 'Sekolah Tinggi Ilmu Tarbiyah Makhdum Ibrahim'),
(958, 'Sekolah Tinggi Ilmu Tarbiyah Maskumambang Gresik'),
(959, 'Sekolah Tinggi Ilmu Tarbiyah Miftahul Ulum Bangkalan, Bangkalan'),
(960, 'Sekolah Tinggi Ilmu Tarbiyah Muara Burlian Batanghari, Jambi'),
(961, 'Sekolah Tinggi Ilmu Tarbiyah Muhammadiyah Bangil'),
(962, 'Sekolah Tinggi Ilmu Tarbiyah Muhammadiyah Bojonego'),
(963, 'Sekolah Tinggi Ilmu Tarbiyah Muhammadiyah Kediri'),
(964, 'Sekolah Tinggi Ilmu Tarbiyah Muhammadiyah Pacitan'),
(965, 'Sekolah Tinggi Ilmu Tarbiyah Muhammadiyah Sibolga'),
(966, 'Sekolah Tinggi Ilmu Tarbiyah Muhammadiyah Tempurre'),
(967, 'Sekolah Tinggi Ilmu Tarbiyah Muhammadiyah Tulungagung'),
(968, 'Sekolah Tinggi Ilmu Tarbiyah Muhammadiyah Wates'),
(969, 'Sekolah Tinggi Ilmu Tarbiyah Nurul Huda'),
(970, 'Universitas Kartini'),
(971, 'Sekolah Tinggi Ilmu Tarbiyah Pariaman Sumatra'),
(972, 'Sekolah Tinggi Ilmu Tarbiyah Raden Wijaya Mojokerto, Mojokerto'),
(973, 'Sekolah Tinggi Ilmu Tarbiyah Syarif Abdurrahman'),
(974, 'Sekolah Tinggi Ilmu Tarbiyah Syarifuddin, Lumajang'),
(975, 'Sekolah Tinggi Ilmu Tarbiyah Taruna Surabaya'),
(976, 'Sekolah Tinggi Ilmu Tarbiyah Teuku Dirunde'),
(977, 'Sekolah Tinggi Ilmu Tarbiyah YAPTIP Simpan Ampat'),
(978, 'Sekolah Tinggi Ilmu Tarbiyah Yogyakarta'),
(979, 'Sekolah Tinggi Ilmu Teknik Serasan, Muara Enim'),
(980, 'Sekolah Tinggi Informatika dan Komputer (STMIK) Putera Batam'),
(981, 'Sekolah Tinggi Informatika dan Komputer Indonesia (STIKI), Malang'),
(982, 'Sekolah Tinggi Keguruan dan Ilmu Pendidikan (STKIP) Ahlussunnah, Bukit Tinggi'),
(983, 'Sekolah Tinggi Keguruan dan Ilmu Pendidikan (STKIP) Andi Matappa Pangkep'),
(984, 'Sekolah Tinggi Keguruan dan Ilmu Pendidikan (STKIP) Bina Insan Mandiri'),
(985, 'Sekolah Tinggi Keguruan dan Ilmu Pendidikan (STKIP) Kusuma Negara'),
(986, 'Sekolah Tinggi Keguruan dan Ilmu Pendidikan (STKIP) Pelita Bangsa, Binjai'),
(987, 'Sekolah Tinggi Keguruan dan Ilmu Pendidikan (STKIP) PGRI Manado'),
(988, 'Sekolah Tinggi Keguruan dan Ilmu Pendidikan (STKIP) Puangrimaggalatung Sengkang'),
(989, 'Sekolah Tinggi Keguruan dan Ilmu Pendidikan (STKIP) YAPTI Jeneponto'),
(990, 'Sekolah Tinggi Keguruan dan Ilmu Pendidikan Agama Hindu Amlapura'),
(991, 'Sekolah Tinggi Keguruan dan Ilmu Pendidikan Agama Hindu Singaraja'),
(992, 'Sekolah Tinggi Keguruan dan Ilmu Pendidikan Albana'),
(993, 'Sekolah Tinggi Keguruan dan Ilmu Pendidikan Arrahmaniyah Depok'),
(994, 'Sekolah Tinggi Keguruan dan Ilmu Pendidikan Bale Bandung'),
(995, 'Sekolah Tinggi Keguruan dan Ilmu Pendidikan Bima'),
(996, 'Sekolah Tinggi Keguruan dan Ilmu Pendidikan Budi Daya Binjai'),
(997, 'Sekolah Tinggi Keguruan dan Ilmu Pendidikan Cokroaminoto Palopo'),
(998, 'Sekolah Tinggi Keguruan dan Ilmu Pendidikan DDI Polmas Sul-Sel'),
(999, 'Sekolah Tinggi Keguruan dan Ilmu Pendidikan Dharma Wacana'),
(1000, 'Sekolah Tinggi Keguruan dan Ilmu Pendidikan Garut, Garut'),
(1001, 'Sekolah Tinggi Keguruan dan Ilmu Pendidikan Hamzanwadi Selong'),
(1002, 'Sekolah Tinggi Keguruan dan Ilmu Pendidikan Muhammadiyah Bone, Watampone'),
(1003, 'Sekolah Tinggi Keguruan dan Ilmu Pendidikan Muhammadiyah Lumajang'),
(1004, 'Sekolah Tinggi Keguruan dan Ilmu Pendidikan Muhammadiyah Pagar Alam Palembang'),
(1005, 'Sekolah Tinggi Keguruan dan Ilmu Pendidikan Pasundan, Cimahi'),
(1006, 'Sekolah Tinggi Keguruan dan Ilmu Pendidikan Pembangunan Indonesia, Makassar'),
(1007, 'Sekolah Tinggi Keguruan dan Ilmu Pendidikan PGRI Bangkalan'),
(1008, 'Sekolah Tinggi Keguruan dan Ilmu Pendidikan PGRI Banjarmasin'),
(1009, 'Sekolah Tinggi Keguruan dan Ilmu Pendidikan PGRI Blitar'),
(1010, 'Sekolah Tinggi Keguruan dan Ilmu Pendidikan PGRI Lamongan'),
(1011, 'Sekolah Tinggi Keguruan dan Ilmu Pendidikan PGRI Lubuk Linggau'),
(1012, 'Sekolah Tinggi Keguruan dan Ilmu Pendidikan PGRI Lumajang'),
(1013, 'Sekolah Tinggi Keguruan dan Ilmu Pendidikan PGRI Nganjuk'),
(1014, 'Sekolah Tinggi Keguruan dan Ilmu Pendidikan PGRI Pacitan'),
(1015, 'Sekolah Tinggi Keguruan dan Ilmu Pendidikan PGRI Pasuruan'),
(1016, 'Sekolah Tinggi Keguruan dan Ilmu Pendidikan PGRI Ponorogo'),
(1017, 'Sekolah Tinggi Keguruan dan Ilmu Pendidikan PGRI Pontianak'),
(1018, 'Sekolah Tinggi Keguruan dan Ilmu Pendidikan PGRI Sidoarjo'),
(1019, 'Sekolah Tinggi Keguruan dan Ilmu Pendidikan PGRI Situbondo'),
(1020, 'Sekolah Tinggi Keguruan dan Ilmu Pendidikan PGRI Sukabumi'),
(1021, 'Sekolah Tinggi Keguruan dan Ilmu Pendidikan PGRI Sumatera Barat, Padang'),
(1022, 'Sekolah Tinggi Keguruan dan Ilmu Pendidikan PGRI Sumenep'),
(1023, 'Sekolah Tinggi Keguruan dan Ilmu Pendidikan PGRI Trenggalek'),
(1024, 'Sekolah Tinggi Keguruan dan Ilmu Pendidikan PGRI Tulungagung'),
(1025, 'Sekolah Tinggi Keguruan dan Ilmu Pendidikan Riama Medan'),
(1026, 'Sekolah Tinggi Keguruan dan Ilmu Pendidikan Santo Paulus, Ruteng - NTT'),
(1027, 'Sekolah Tinggi Keguruan dan Ilmu Pendidikan Sebelas April (UNSAP), Sumedang'),
(1028, 'Sekolah Tinggi Keguruan dan Ilmu Pendidikan Setiabudhi Rangkasbitung'),
(1029, 'Sekolah Tinggi Keguruan dan Ilmu Pendidikan Siliwangi, Bandung'),
(1030, 'Sekolah Tinggi Keguruan dan Ilmu Pendidikan Subang'),
(1031, 'Sekolah Tinggi Keguruan dan Ilmu Pendidikan Teladan Medan'),
(1032, 'Sekolah Tinggi Keguruan dan Ilmu Pendidikan Widya Yuwana Madiun'),
(1033, 'Sekolah Tinggi Keguruan dan Ilmu Pendidikan YASIKA Majalengka'),
(1034, 'Sekolah Tinggi Keguruan dan Ilmu Pendidikan YPUP, Ujung Pandang'),
(1035, 'Sekolah Tinggi Kesehatan Surya Global Yogyakarta'),
(1036, 'Sekolah Tinggi Kesejahteraan Sosial (STKS)'),
(1037, 'Sekolah Tinggi Kesenian Wilwatikta, Surabaya'),
(1038, 'Sekolah Tinggi Keuangan Niaga dan Negara (STIKEN)'),
(1039, 'Sekolah Tinggi Manajemen Asuransi Trisakti'),
(1040, 'Sekolah Tinggi Manajemen Bisnis Telkom, Bandung'),
(1041, 'Sekolah Tinggi Manajemen dan Ilmu Komputer (STMIK) Kharisma, Makassar'),
(1042, 'Sekolah Tinggi Manajemen dan Ilmu Komputer AKAKOM Yogyakarta'),
(1043, 'Sekolah Tinggi Manajemen dan Ilmu Komputer Bandung'),
(1044, 'Sekolah Tinggi Manajemen dan Ilmu Komputer Bani Saleh Bekasi'),
(1045, 'Sekolah Tinggi Manajemen dan Ilmu Komputer Budi Darma, Medan'),
(1046, 'Sekolah Tinggi Manajemen dan Ilmu Komputer Bumigora Mataram'),
(1047, 'Sekolah Tinggi Manajemen dan Ilmu Komputer Darmajaya Bandar Lampung'),
(1048, 'Sekolah Tinggi Manajemen dan Ilmu Komputer Dehasen Bengkulu'),
(1049, 'STIA Siliwangi'),
(1050, 'Sekolah Tinggi Manajemen dan Ilmu Komputer Indo Global Mandiri Palembang'),
(1051, 'Sekolah Tinggi Manajemen Informatika dan Komputer (STMIK) Indonesia Mandiri, Bandung'),
(1052, 'Sekolah Tinggi Manajemen dan Ilmu Komputer Indonesia, Jakarta'),
(1053, 'Sekolah Tinggi Manajemen dan Ilmu Komputer Kharisma Karawang'),
(1054, 'Sekolah Tinggi Manajemen dan Ilmu Komputer Kuwera'),
(1055, 'Sekolah Tinggi Manajemen dan Ilmu Komputer LIKMI'),
(1056, 'Sekolah Tinggi Manajemen dan Ilmu Komputer Mikroskil, Medan'),
(1057, 'Sekolah Tinggi Manajemen dan Ilmu Komputer Muhammadiyah Jakarta'),
(1058, 'Sekolah Tinggi Manajemen dan Ilmu Komputer Nurdin Hamzah, Jambi'),
(1059, 'Sekolah Tinggi Manajemen dan Ilmu Komputer PPKIA Pradnya Paramitha'),
(1060, 'Sekolah Tinggi Manajemen dan Ilmu Komputer Samarinda, Samarinda'),
(1061, 'Sekolah Tinggi Manajemen dan Ilmu Komputer Sisingamangaraja XII, Medan'),
(1062, 'Sekolah Tinggi Manajemen dan Ilmu Komputer Swadharma'),
(1063, 'Sekolah Tinggi Manajemen dan Ilmu Komputer Widuri, Jakarta'),
(1064, 'Sekolah Tinggi Manajemen dan Ilmu Komputer Widya Cipta Dharma, Samarinda'),
(1065, 'Sekolah Tinggi Manajemen IMMI'),
(1066, 'Sekolah Tinggi Manajemen IMNI'),
(1067, 'Sekolah Tinggi Manajemen Industri Indonesia (STMII)'),
(1068, 'Sekolah Tinggi Manajemen Infomatika dan Teknik Komputer (STIKOM) Surabaya'),
(1069, 'Sekolah Tinggi Manajemen Informatika dan Komputer (STIMIK) Banjarbaru'),
(1070, 'Sekolah Tinggi Manajemen Informatika dan Komputer (STIMIK) Riau'),
(1071, 'Sekolah Tinggi Manajemen Informatika dan Komputer (STIMIK) Time Medan'),
(1072, 'Sekolah Tinggi Manajemen Informatika dan Komputer (STMIK) AMIKOM'),
(1073, 'Sekolah Tinggi Manajemen Informatika dan Komputer (STMIK) Catur Insan Cendikia (CIC), Cirebon'),
(1074, 'Sekolah Tinggi Manajemen Informatika dan Komputer (STMIK) Dharma Negara, Bandung'),
(1075, 'Sekolah Tinggi Manajemen Informatika dan Komputer (STMIK) Duta Bangsa Surakarta'),
(1076, 'Sekolah Tinggi Manajemen Informatika dan Komputer (STMIK) Global Informatika MDP, Palembang'),
(1077, 'Sekolah Tinggi Manajemen Informatika dan Komputer (STMIK) Handayani, Makassar'),
(1078, 'Sekolah Tinggi Manajemen Informatika dan Komputer (STMIK) Indonesia Banjarmasin'),
(1079, 'Sekolah Tinggi Manajemen Informatika dan Komputer (STMIK) Indonesia Padang'),
(1080, 'Sekolah Tinggi Manajemen Informatika dan Komputer (STMIK) Jakarta (Sekolah TinggiI&K)'),
(1081, 'Sekolah Tinggi Manajemen Informatika dan Komputer (STMIK) Jayabaya, Jakarta'),
(1082, 'Sekolah Tinggi Manajemen Informatika dan Komputer (STMIK) Logika di Medan'),
(1083, 'Sekolah Tinggi Manajemen Informatika dan Komputer (STMIK) Mitra Lampung'),
(1084, 'Sekolah Tinggi Manajemen Informatika dan Komputer (STMIK) Palcomtech, Palembang'),
(1085, 'Sekolah Tinggi Manajemen Informatika dan Komputer (STMIK) Parna Raya Manado'),
(1086, 'Sekolah Tinggi Manajemen Informatika dan Komputer (STMIK) Pasim Bandung'),
(1087, 'Sekolah Tinggi Manajemen Informatika dan Komputer (STMIK) PGRI Tangerang'),
(1088, 'Sekolah Tinggi Manajemen Informatika dan Komputer (STMIK) Potensi Utama di Medan'),
(1089, 'Sekolah Tinggi Manajemen Informatika dan Komputer (STMIK) Pranata Indonesia'),
(1090, 'Sekolah Tinggi Manajemen Informatika dan Komputer (STMIK) Sumedang'),
(1091, 'Sekolah Tinggi Manajemen Informatika dan Komputer (STMIK) Tunas Bangsa Lampung'),
(1092, 'Sekolah Tinggi Manajemen Informatika dan Komputer Adi Unggul Bhirawa (AUB), Surakarta'),
(1093, 'Sekolah Tinggi Manajemen Informatika dan Komputer AMIK Bandung'),
(1094, 'Sekolah Tinggi Manajemen Informatika dan Komputer Balikpapan'),
(1095, 'Sekolah Tinggi Manajemen Informatika dan Komputer Banten Jaya Serang'),
(1096, 'Sekolah Tinggi Manajemen Informatika dan Komputer Buddhi Tangerang'),
(1097, 'Sekolah Tinggi Manajemen Informatika dan Komputer Cikarang'),
(1098, 'Sekolah Tinggi Manajemen Informatika dan Komputer Cilegon'),
(1099, 'Sekolah Tinggi Manajemen Informatika dan Komputer DCI Tasikmalaya'),
(1100, 'Sekolah Tinggi Manajemen Informatika dan Komputer Dharma Putra Tangerang'),
(1101, 'Sekolah Tinggi Manajemen Informatika dan Komputer Dipanegara, Makassar'),
(1102, 'Sekolah Tinggi Manajemen Informatika dan Komputer El Rahma'),
(1103, 'Sekolah Tinggi Manajemen Informatika dan Komputer IKMI Cirebon'),
(1104, 'Sekolah Tinggi Manajemen Informatika dan Komputer Insan Pembangunan Tangerang'),
(1105, 'Sekolah Tinggi Manajemen Informatika dan Komputer Jayakarta, Jakarta'),
(1106, 'Sekolah Tinggi Manajemen Informatika dan Komputer Jayanusa Padang'),
(1107, 'Sekolah Tinggi Manajemen Informatika dan Komputer M.H. Thamrin Jakarta'),
(1108, 'Sekolah Tinggi Manajemen Informatika dan Komputer Mardira Indonesia, Bandung'),
(1109, 'Sekolah Tinggi Manajemen Informatika dan Komputer Nusa Mandiri'),
(1110, 'Sekolah Tinggi Manajemen Informatika dan Komputer Pontianak'),
(1111, 'Sekolah Tinggi Manajemen Informatika dan Komputer Raharja Banten'),
(1112, 'Sekolah Tinggi Manajemen Informatika dan Komputer Rosma Karawang'),
(1113, 'Sekolah Tinggi Manajemen Informatika dan Komputer Serang'),
(1114, 'Sekolah Tinggi Manajemen Informatika dan Komputer Sinar Nusantara Surakarta'),
(1115, 'Sekolah Tinggi Manajemen Informatika dan Komputer Subang'),
(1116, 'Sekolah Tinggi Manajemen Informatika dan Komputer Tasikmalaya'),
(1117, 'Sekolah Tinggi Manajemen Informatika dan Komputer Teknokrat Bandar Lampung'),
(1118, 'Sekolah Tinggi Manajemen Informatika dan Komputer Tulus Cendikia'),
(1119, 'Sekolah Tinggi Manajemen Informatika dan Komputer Widya Pratama Pekalongan'),
(1120, 'Sekolah Tinggi Manajemen Labora'),
(1121, 'Sekolah Tinggi Manajemen PPM'),
(1122, 'Sekolah Tinggi Manajemen Prasetiya Mulya'),
(1123, 'Sekolah Tinggi Manajemen Transpor (STMT) Trisakti, Jakarta'),
(1124, 'Sekolah Tinggi MIPA Bogor'),
(1125, 'Sekolah Tinggi Pariwisata AMPTA Yogyakarta'),
(1126, 'Sekolah Tinggi Pariwisata Bali'),
(1127, 'Sekolah Tinggi Pariwisata Bandung'),
(1128, 'Sekolah Tinggi Pariwisata Sahid, Jakarta'),
(1129, 'Sekolah Tinggi Pariwisata Satya Widya, Surabaya'),
(1130, 'Sekolah Tinggi Pariwisata Trisakti'),
(1131, 'Sekolah Tinggi Pembangunan Masyarakat Desa APMD, Yogyakarta'),
(1132, 'Sekolah Tinggi Penerbangan Aviasi (STPA) Jakarta'),
(1133, 'Sekolah Tinggi Penyuluhan Pertanian Bogor'),
(1134, 'Sekolah Tinggi Penyuluhan Pertanian Gowa'),
(1135, 'Sekolah Tinggi Penyuluhan Pertanian Magelang'),
(1136, 'Sekolah Tinggi Penyuluhan Pertanian Malang'),
(1137, 'Sekolah Tinggi Perkebunan Lampung'),
(1138, 'Sekolah Tinggi Perpajakan Indonesia, Jakarta'),
(1139, 'Sekolah Tinggi Pertanahan Nasional Yogyakarta, Yogyakarta'),
(1140, 'Sekolah Tinggi Pertanian Jawa Barat'),
(1141, 'Sekolah Tinggi Pertanian STIPER Jember'),
(1142, 'Sekolah Tinggi Pertanian Surya Dharma Bandar Lampung'),
(1143, 'Sekolah Tinggi Pertanian YPPM Majalengka'),
(1144, 'Sekolah Tinggi Psikologi Yogyakarta'),
(1145, 'Sekolah Tinggi Sains dan Teknologi Indonesia (INTEN), Bandung'),
(1146, 'Sekolah Tinggi Seni Indonesia Bandung'),
(1147, 'Sekolah Tinggi Seni Indonesia Padang Panjang'),
(1148, 'Sekolah Tinggi Seni Rupa dan Desain Indonesia Bandung'),
(1149, 'Sekolah Tinggi Teknik Harapan Medan'),
(1150, 'Sekolah Tinggi Teknik Industri (STTI) Turen, Malang'),
(1151, 'Sekolah Tinggi Teknik Informatik Benarif Indonesia'),
(1152, 'Sekolah Tinggi Teknik Iskandar Thani, Banda Aceh'),
(1153, 'Sekolah Tinggi Teknik Kedirgantaraan Yogyakarta'),
(1154, 'Sekolah Tinggi Teknik Lingkungan (STTL)'),
(1155, 'Sekolah Tinggi Teknik Malang (STTM)'),
(1156, 'Sekolah Tinggi Teknik Mangkubumi Surakarta'),
(1157, 'Sekolah Tinggi Teknik Musi Palembang'),
(1158, 'Sekolah Tinggi Teknik Nusantara Lampung'),
(1159, 'Sekolah Tinggi Teknik Poliprofesi di Medan'),
(1160, 'Sekolah Tinggi Teknik Surabaya'),
(1161, 'Sekolah Tinggi Teknik YPLN, Jakarta'),
(1162, 'Sekolah Tinggi Teknologi (STTC) Cirebon'),
(1163, 'Sekolah Tinggi Teknologi Adi Sutjipto'),
(1164, 'Sekolah Tinggi Teknologi Bandung'),
(1165, 'Sekolah Tinggi Teknologi Bina Tunggal'),
(1166, 'Sekolah Tinggi Teknologi Garut'),
(1167, 'Sekolah Tinggi Teknologi Ilmu Komputer (STTIKOM) Insan Unggul Cilegon'),
(1168, 'Sekolah Tinggi Teknologi Immanuel Medan'),
(1169, 'Sekolah Tinggi Teknologi Indonesia Bandung'),
(1170, 'Sekolah Tinggi Teknologi Indonesia Jakarta'),
(1171, 'Sekolah Tinggi Teknologi Industri Padang'),
(1172, 'Sekolah Tinggi Teknologi Informasi (STTI) Respati Yogyakarta'),
(1173, 'Sekolah Tinggi Teknologi Jakarta (STTJ)'),
(1174, 'Sekolah Tinggi Teknologi Mandala, Bandung'),
(1175, 'Sekolah Tinggi Teknologi Mineral Indonesia'),
(1176, 'Sekolah Tinggi Teknologi Nasional Yogyakarta'),
(1177, 'Sekolah Tinggi Teknologi Nuklir Yogyakarta'),
(1178, 'Sekolah Tinggi Teknologi Palembang'),
(1179, 'Sekolah Tinggi Teknologi Ronggolawe, Cepu'),
(1180, 'Sekolah Tinggi Teknologi SFB, Bandung'),
(1181, 'Sekolah Tinggi Teknologi Tekstil Bandung'),
(1182, 'Sekolah Tinggi Teknologi Telkom, Bandung'),
(1183, 'Sekolah Tinggi Teknologi TNI Angkatan Laut'),
(1184, 'Sekolah Tinggi Teknologi Wastukancana Purwakarta'),
(1185, 'Sekolah Tinggi Teknologi YBSI'),
(1186, 'Sekolah Tinggi Teknologi YUPPENTEK Tangerang'),
(1187, 'Sekolah Tinggi Theologia Indonesia Bagian Timur (INTIM), Makassar'),
(1188, 'UNIVERSITAS ARS INTERNASIONAL'),
(1189, 'Universitas 17 Agustus 1945 Banyuwangi'),
(1190, 'Universitas 17 Agustus 1945'),
(1191, 'Universitas 17 Agustus 1945 Jakarta'),
(1192, 'Universitas 17 Agustus 1945 Samarinda'),
(1193, 'Universitas 17 Agustus 1945 Semarang'),
(1194, 'Universitas 17 Agustus 1945 Surabaya'),
(1195, 'Universitas 45 Makassar'),
(1196, 'Universitas 45 Mataram'),
(1197, 'Universitas 45 Surabaya'),
(1198, 'Universitas Abdulrachman Saleh, Situbondo'),
(1199, 'Universitas Abulyatama, Banda Aceh'),
(1200, 'Universitas Achmad Yani (UVAYA) Banjarmasin'),
(1201, 'Universitas Advent Indonesia (UNAI), Bandung'),
(1202, 'Universitas Ahmad Dahlan, Yogyakarta'),
(1203, 'Universitas Airlangga'),
(1204, 'Universitas AKI Semarang'),
(1205, 'Universitas Al Amin (UNAMIN) Sorong, Sorong'),
(1206, 'Universitas Al Azhar Indonesia, Jakarta'),
(1207, 'Universitas Al Muslim Bireun'),
(1208, 'Universitas Al-Azhar Medan'),
(1209, 'Universitas Al-Falah, Surabaya'),
(1210, 'Universitas Al-Khairaat, Palu'),
(1211, 'Universitas Al-Muslim di Bireuen Nangroe Aceh Darussalam'),
(1212, 'Universitas Al-Washliyah, Medan'),
(1213, 'Universitas Amir Hamzah Medan'),
(1214, 'Universitas Andalas (UNAND), Padang'),
(1215, 'Universitas Asahan, Kisaran - Sumut'),
(1216, 'Universitas Atma Jaya Makassar, Makassar'),
(1217, 'Universitas Atma Jaya Yogyakarta, Yogyakarta'),
(1218, 'Universitas Baiturahmah'),
(1219, 'Universitas Balikpapan (UNIBA)'),
(1220, 'Universitas Bandar Lampung (UBL), Lampung'),
(1221, 'Universitas Bandung Raya'),
(1222, 'Universitas Batam'),
(1223, 'Universitas Batanghari, Batanghari'),
(1224, 'Universitas Baturaja'),
(1225, 'Universitas Bengkulu, Bengkulu'),
(1226, 'Universitas Bhayangkara Jakarta Raya'),
(1227, 'Universitas Bhayangkara Surabaya'),
(1228, 'Universitas Bina Darma Palembang'),
(1229, 'Universitas Bina Nusantara (UBINUS), Jakarta'),
(1230, 'Universitas Bojonegoro (UNIGORO)'),
(1231, 'Universitas Bondowoso, Bondowoso'),
(1232, 'Universitas Borneo, Tarakan'),
(1233, 'Universitas Borobudur'),
(1234, 'Universitas Brawijaya'),
(1235, 'Universitas Budi Luhur, Jakarta'),
(1236, 'Universitas Bunda Mulia Jakarta'),
(1237, 'Universitas Bung Hatta, Padang'),
(1238, 'Universitas Bung Karno, Jakarta'),
(1239, 'Universitas Cenderawasih (UNCEN)'),
(1240, 'Universitas Cokroaminoto Palopo'),
(1241, 'Universitas Cokroaminoto, Yogyakarta'),
(1242, 'Universitas Darma Agung, Medan'),
(1243, 'Universitas Darma Persada, Jakarta'),
(1244, 'Universitas Darmawangsa, Medan'),
(1245, 'Universitas Darul Ulum (UNDAR), Jombang'),
(1246, 'Universitas Darul Ulum Islamic Centre Sudirman Guppi'),
(1247, 'Universitas Darussalam, Ambon'),
(1248, 'Universitas Dayanu Ikhsanuddin Bau-Bau'),
(1249, 'Universitas Dian Nuswantoro, Semarang'),
(1250, 'Universitas Diponegoro (UNDIP)'),
(1251, 'Universitas Djuanda (UNIDA), Bogor'),
(1252, 'Universitas Dr. Soetomo, Surabaya'),
(1253, 'Universitas Dwijendra Denpasar'),
(1254, 'Universitas Eka Sakti, Padang'),
(1255, 'Universitas Flores, Flores'),
(1256, 'Universitas Gadjah Mada (UGM)'),
(1257, 'Universitas Gajayana, Malang'),
(1258, 'Universitas Galuh, Ciamis'),
(1259, 'Universitas Garut (UNIGA)'),
(1260, 'Universitas Gorontalo'),
(1261, 'Universitas Graha Nusantara Medan'),
(1262, 'Universitas Gresik'),
(1263, 'Universitas Gunadarma, Jakarta'),
(1264, 'Universitas Gunung Rinjani'),
(1265, 'Universitas Haluoleo, Kendari'),
(1266, 'Universitas Hang Tuah, Surabaya'),
(1267, 'Universitas Hasanuddin (UNHAS), Makassar'),
(1268, 'Universitas Hindu Indonesia, Denpasar'),
(1269, 'Universitas HKBP Nommensen, Medan'),
(1270, 'Universitas IBA Palembang, Palembang'),
(1271, 'Universitas Ibn Khaldun Bogor'),
(1272, 'Universitas Ibnu Chaldun Jakarta'),
(1273, 'Universitas Ichsan Gorontalo'),
(1274, 'Universitas Indonesia (UI)'),
(1275, 'Universitas Indonesia Timur, Makassar'),
(1276, 'Universitas Indonusa Esa Unggul'),
(1277, 'Universitas Indraprasta PGRI (UNINDRA), Jakarta'),
(1278, 'Universitas Internasional Batam'),
(1279, 'Universitas Iqra Buru'),
(1280, 'Universitas Iskandar Muda, Banda Aceh'),
(1281, 'Universitas Islam 45 Bekasi'),
(1282, 'Universitas Islam Al-Azhar (UNIZAR), Mataram'),
(1283, 'Universitas Islam As-Syafi\'iyah, Jakarta'),
(1284, 'Universitas Islam At-Tahiriyah, Jakarta'),
(1285, 'Universitas Islam Azzahra, Jakarta'),
(1286, 'Universitas Islam Balitar (UISBA), Blitar'),
(1287, 'Universitas Islam Bandung (UNISBA)'),
(1288, 'Universitas Islam Batik, Surakarta'),
(1289, 'Universitas Islam Darul Ulum Lamongan'),
(1290, 'Universitas Islam Indonesia (UII), Yogyakarta'),
(1291, 'Universitas Islam Jakarta'),
(1292, 'Universitas Islam Jember'),
(1293, 'Universitas Islam Kadiri, Kediri'),
(1294, 'Universitas Islam Kalimantan (UNISKA) Muhammad Arsyad Al Banjary Banjarmasin'),
(1295, 'Universitas Islam Lamongan, Lamongan'),
(1296, 'Universitas Islam Madura Pamekasan'),
(1297, 'Universitas Islam Majapahit Mojokerto'),
(1298, 'Universitas Islam Makassar'),
(1299, 'Universitas Islam Malang'),
(1300, 'Universitas Islam Negeri (UIN) Alauddin, Makassar'),
(1301, 'Universitas Islam Negeri (UIN) Malang'),
(1302, 'Universitas Islam Negeri (UIN) Sultan Syarif Qasim, Pekanbaru'),
(1303, 'Universitas Islam Negeri (UIN) Sunan Gunung Djati (SGD)'),
(1304, 'Universitas Islam Negeri (UIN) Sunan Kalijaga, Yogyakarta'),
(1305, 'Universitas Islam Negeri (UIN) Syarif Hidayatullah, Jakarta'),
(1306, 'Universitas Islam Nusantara (UNINUS)'),
(1307, 'Universitas Islam Riau, Pekanbaru'),
(1308, 'Universitas Islam Sultan Agung, Semarang'),
(1309, 'Universitas Islam Sumatera Utara (UISU), Medan'),
(1310, 'Universitas Islam Syekh Yusuf (UNIS)'),
(1311, 'Universitas Jakarta, Jakarta'),
(1312, 'Universitas Jambi, Jambi'),
(1313, 'Universitas Janabadra, Yogyakarta'),
(1314, 'Universitas Jayabaya'),
(1315, 'Universitas Jember'),
(1316, 'Universitas Jenderal Achmad Yani (UNJANI)'),
(1317, 'Universitas Jenderal Soedirman (UNSOED), Purwokerto'),
(1318, 'Universitas Jhabal Ghafur, Banda Aceh'),
(1319, 'Universitas Kader Bangsa, Palembang'),
(1320, 'Universitas Kadiri, Kediri'),
(1321, 'Universitas Kanjuruhan Malang'),
(1322, 'Universitas Katolik Darma Cendika, Surabaya'),
(1323, 'Universitas Katolik Indonesia Atma Jaya, Jakarta'),
(1324, 'UNIVERSITAS PARAHYANGAN - UNPAR'),
(1325, 'Universitas Katolik Soegijapranata, Semarang'),
(1326, 'Universitas Katolik St.Thomas Sumatra Utara, Medan'),
(1327, 'Universitas Katolik Widya Karya, Malang'),
(1328, 'Universitas Katolik Widya Mandala Madiun'),
(1329, 'Universitas Katolik Widya Mandala Surabaya'),
(1330, 'Universitas Katolik Widya Mandira, Kupang'),
(1331, 'Universitas Kebangsaan Bandung'),
(1332, 'Universitas Kejuangan 45 Jakarta'),
(1333, 'Universitas Kertanegara, Jakarta'),
(1334, 'Universitas Khairun Ternate'),
(1335, 'Universitas Klabat, Manado'),
(1336, 'Universitas Komputer Indonesia (UNIKOM)'),
(1337, 'Universitas Krisnadwipayana, Jakarta'),
(1338, 'Universitas Kristen Arthawacana, Kupang'),
(1339, 'Universitas Kristen Duta Wacana, Yogyakarta'),
(1340, 'Universitas Kristen Immanuel (UKRIM), Yogyakarta'),
(1341, 'Universitas Kristen Indonesia (UKI), Jakarta'),
(1342, 'Universitas Kristen Indonesia Maluku'),
(1343, 'Universitas Kristen Indonesia Paulus, Makassar'),
(1344, 'Universitas Kristen Indonesia Tomohon (UKIT), Tomohon'),
(1345, 'Universitas Kristen Indonesia Toraja'),
(1346, 'Universitas Kristen Krida Wacana, Jakarta'),
(1347, 'Universitas Kristen Maranatha'),
(1348, 'Universitas Kristen Petra, Surabaya'),
(1349, 'Universitas Kristen Satya Wacana (UKSW), Salatiga'),
(1350, 'Universitas Kristen Surakarta'),
(1351, 'Universitas Kuningan, Kuningan'),
(1352, 'Universitas Kutai Kartanegara Tenggarong'),
(1353, 'Universitas Lambung Mangkurat (UNLAM), Banjarmasin'),
(1354, 'Universitas Lampung (UNILA), Bandar Lampung'),
(1355, 'Universitas Lampung (UNILA), Bandar Lampung - UPP Kampus UNILA'),
(1356, 'Universitas Lampung (UNILA), Bandar Lampung - UPP Metro'),
(1357, 'Universitas Lampung (UNILA), Bandar Lampung - UPP Tanjung Karang'),
(1358, 'Universitas Lancang Kuning, Pekanbaru'),
(1359, '______Universitas Langlang Buana, Bandung (Hapus ! Double !)'),
(1360, 'Universitas Madura, Madura'),
(1361, 'Universitas Mahaputra Muhammad Yamin'),
(1362, 'Universitas Mahasaraswati, Denpasar'),
(1363, 'Universitas Mahasaraswati, Mataram'),
(1364, 'Universitas Mahendradatta, Denpasar'),
(1365, 'Universitas Majalengka'),
(1366, 'Universitas Malahayati, Bandar Lampung'),
(1367, 'Universitas Malikussaleh, Lhokseumawe'),
(1368, 'Universitas Mataram (UNRAM), Mataram'),
(1369, 'Universitas Mathla\'ul Anwar'),
(1370, 'Universitas Mayjen Sungkono'),
(1371, 'Universitas Medan Area, Medan'),
(1372, 'Universitas Mercu Buana, Jakarta'),
(1373, 'Universitas Merdeka Madiun'),
(1374, 'Universitas Merdeka Malang'),
(1375, 'Universitas Merdeka Pasuruan'),
(1376, 'Universitas Merdeka Ponorogo'),
(1377, 'Universitas Merdeka Surabaya'),
(1378, 'Universitas Methodist Indonesia, Medan'),
(1379, 'Universitas Moch. Sroedji, Jember'),
(1380, 'Universitas Mpu Tantular, Jakarta'),
(1381, 'Universitas Muhammadiyah Banda Aceh'),
(1382, 'Universitas Muhammadiyah Bengkulu'),
(1383, 'Universitas Muhammadiyah Cirebon'),
(1384, 'Universitas Muhammadiyah Gresik'),
(1385, 'Universitas Muhammadiyah Jakarta'),
(1386, 'Universitas Muhammadiyah Jember'),
(1387, 'Universitas Muhammadiyah Kendari, Kendari'),
(1388, 'Universitas Muhammadiyah Kupang'),
(1389, 'Universitas Muhammadiyah Lampung'),
(1390, 'Universitas Muhammadiyah Luwuk Banggai'),
(1391, 'Universitas Muhammadiyah Magelang'),
(1392, 'Universitas Muhammadiyah Makassar, Ujung Pandang'),
(1393, 'Universitas Muhammadiyah Malang'),
(1394, 'Universitas Muhammadiyah Maluku Utara'),
(1395, 'Universitas Muhammadiyah Mataram'),
(1396, 'Universitas Muhammadiyah Metro, Metro - Lampung'),
(1397, 'Universitas Muhammadiyah Palangkaraya'),
(1398, 'Universitas Muhammadiyah Palembang'),
(1399, 'Universitas Muhammadiyah Palu'),
(1400, 'Universitas Muhammadiyah Pare-Pare'),
(1401, 'Universitas Muhammadiyah Ponorogo'),
(1402, 'Universitas Muhammadiyah Pontianak'),
(1403, 'Universitas Muhammadiyah Prof. Dr. Hamka, Jakarta'),
(1404, 'Universitas Muhammadiyah Purwokerto'),
(1405, 'Universitas Muhammadiyah Purworejo'),
(1406, 'Universitas Muhammadiyah Semarang'),
(1407, 'Universitas Muhammadiyah Sidoarjo'),
(1408, 'Universitas Muhammadiyah Sukabumi'),
(1409, 'Universitas Muhammadiyah Sumatra Barat, Padang'),
(1410, 'Universitas Muhammadiyah Sumatra Utara, Medan'),
(1411, 'Universitas Muhammadiyah Surabaya'),
(1412, 'Universitas Muhammadiyah Surakarta'),
(1413, 'Universitas Muhammadiyah Tapanuli Selatan, Padang Sidempuan'),
(1414, 'Universitas Muhammadiyah Yogyakarta'),
(1415, 'Universitas Mulawarman (UNMUL), Samarinda'),
(1416, 'Universitas Muria Kudus'),
(1417, 'Universitas Muslim Indonesia, Makassar'),
(1418, 'Universitas Muslim Nusantara Al-Washliyah, Medan'),
(1419, 'Universitas Narotama, Surabaya'),
(1420, 'Universitas Nasional YPKKP, Bandung'),
(1421, 'Universitas Nasional, Jakarta'),
(1422, 'Universitas Negeri Gorontalo'),
(1423, 'Universitas Negeri Jakarta (UNJ), Jakarta'),
(1424, 'Universitas Negeri Makassar - UPP Pare-pare'),
(1425, 'Universitas Negeri Makassar - UPP Tidung'),
(1426, 'Universitas Negeri Makassar - UPP Watampone'),
(1427, 'Universitas Negeri Makassar, Makassar'),
(1428, 'Universitas Negeri Malang (UM), Malang'),
(1429, 'Universitas Negeri Malang (UM), Malang - UPP Blitar'),
(1430, 'Universitas Negeri Malang (UM), Malang - UPP Malang'),
(1431, 'Universitas Negeri Manado'),
(1432, 'Universitas Negeri Medan'),
(1433, 'Universitas Negeri Padang'),
(1434, 'Universitas Negeri Padang - UPP Air Tawar'),
(1435, 'Universitas Negeri Padang - UPP Bandar Buat'),
(1436, 'Universitas Negeri Padang - UPP Bukit Tinggi'),
(1437, 'Universitas Negeri Papua'),
(1438, 'Universitas Negeri Semarang (UNNES), Semarang'),
(1439, 'Universitas Negeri Surabaya (UNESA), Surabaya'),
(1440, 'Universitas Negeri Yogyakarta (UNY), Yogyakarta'),
(1441, 'Universitas Ngurah Rai, Denpasar'),
(1442, 'Universitas Nurtanio'),
(1443, 'Universitas Nusa Bangsa, Bogor'),
(1444, 'Universitas Nusa Cendana, Kupang'),
(1445, 'Universitas Padjadjaran (UNPAD)'),
(1446, 'Universitas Pakuan, Bogor'),
(1447, 'Universitas Palangkaraya, Palangkaraya'),
(1448, 'Universitas Palembang, Palembang'),
(1449, 'Universitas Pamulang Tangerang'),
(1450, 'Universitas Panca Bhakti, Pontianak'),
(1451, 'Universitas Panca Marga, Probolinggo'),
(1452, 'Universitas Panca Sakti, Tegal'),
(1453, 'Universitas Pancasakti, Makassar'),
(1454, 'Universitas Pancasila, Jakarta'),
(1455, 'Universitas Panji Sakti, Singaraja'),
(1456, 'Universitas Paramadina, Jakarta'),
(1457, 'Universitas Pasundan (UNPAS)'),
(1458, 'Universitas Pattimura (UNPATTI), Ambon'),
(1459, 'Universitas Pawyatan Daha, Kediri'),
(1460, 'Universitas Pekalongan'),
(1461, 'Universitas Pelita Harapan (UPH), Jakarta'),
(1462, 'Universitas Pemb. Nasional Veteran (UPN) Jakarta'),
(1463, 'Universitas Pemb. Nasional Veteran (UPN) Jawa Timur, Surabaya'),
(1464, 'Universitas Pemb. Nasional Veteran (UPN)'),
(1465, 'Universitas Pembangunan Indonesia Manado'),
(1466, 'Universitas Pembangunan Panca Budi'),
(1467, 'Universitas Pembinaan Masyarakat Indonesia (UPMI), Medan'),
(1468, 'Universitas Pendidikan Ganesha, Singaraja'),
(1469, 'Universitas Pendidikan Ganesha, Singaraja - UPP Denpasar'),
(1470, 'Universitas Pendidikan Ganesha, Singaraja - UPP Singaraja'),
(1471, 'Universitas Pendidikan Indonesia (UPI), Bandung'),
(1472, 'Universitas Pendidikan Indonesia, Bandung - UPP Bumi Siliwangi'),
(1473, 'Universitas Pendidikan Indonesia, Bandung - UPP Cibiru'),
(1474, 'Universitas Pendidikan Indonesia, Bandung - UPP Purwakarta'),
(1475, 'Universitas Pendidikan Indonesia, Bandung - UPP Serang'),
(1476, 'Universitas Pendidikan Indonesia, Bandung - UPP Sumedang'),
(1477, 'Universitas Pendidikan Indonesia, Bandung - UPP Tasikmalaya'),
(1478, 'Universitas Pendidikan Nasional (UNDIKNAS), Denpasar'),
(1479, 'Universitas PEPABRI Ujung Pandang'),
(1480, 'Universitas Persada Indonesia YAI, Jakarta'),
(1481, 'Universitas Pesantren Tinggi Darul Ulum Jombang'),
(1482, 'Universitas PGRI Adi Buana Surabaya'),
(1483, 'Universitas PGRI Palembang'),
(1484, 'Universitas PGRI Ronggolawe Tuban'),
(1485, 'Universitas PGRI Yogyakarta'),
(1486, 'Universitas Pramita Indonesia Tangerang'),
(1487, 'Universitas Presiden'),
(1488, 'Universitas Prof. Dr. Hazairin, SH, Bengkulu'),
(1489, 'Universitas Prof. Dr. Moestopo ( Beragama )'),
(1490, 'Universitas Proklamasi 45, Yogyakarta'),
(1491, 'Universitas Putra Bangsa, Surabaya'),
(1492, 'Universitas Putra Indonesia (UNPI) Cianjur'),
(1493, 'Universitas Putra Indonesia YPTK, Padang'),
(1494, 'Universitas Ratu Samban, Arga Makmur - Bengkulu Utara'),
(1495, 'Universitas Respati Indonesia, Jakarta'),
(1496, 'Universitas Riau (UNRI), Pekanbaru'),
(1497, 'Universitas Saburai, Bandar Lampung'),
(1498, 'Universitas Sahid Surakarta'),
(1499, 'Universitas Sahid, Jakarta'),
(1500, 'Universitas Sains Al-Qur\'an (UNSIQ) Jawa Tengah'),
(1501, 'Universitas Sains dan Teknologi Jayapura (USekolah TinggiJ)'),
(1502, 'Universitas Sam Ratulangi, Manado'),
(1503, 'Universitas Samawa Sumbawa Besar'),
(1504, 'Universitas Samudra Langsa'),
(1505, 'Universitas Sanata Dharma, Yogyakarta'),
(1506, 'Universitas Sangga Buana YPKP'),
(1507, 'Universitas Sarjanawiyata Tamansiswa, Yogyakarta'),
(1508, 'Universitas Satria Makassar'),
(1509, 'Universitas Satya Negara Indonesia, Jakarta'),
(1510, 'Universitas Satyagama'),
(1511, 'Universitas Sawerigading (UNSA), Makassar'),
(1512, 'Universitas Sebelas Maret (UNS)'),
(1513, 'Universitas Sebelas Maret, Surakarta - UPP Kebumen'),
(1514, 'Universitas Semarang'),
(1515, 'Universitas Serambi Mekkah, Banda Aceh'),
(1516, 'Universitas Setia Budi Surakarta'),
(1517, 'Universitas Siliwangi, Tasikmalaya'),
(1518, 'Universitas Simalungun Pematang Siantar, Medan'),
(1519, 'Universitas Singaperbangsa Karawang'),
(1520, 'Universitas Sintuwu Maroso Poso'),
(1521, 'Universitas Sisingamangaraja XII Medan, Medan'),
(1522, 'Universitas Sisingamangaraja XII Tapanuli Utara (UNITA), Siborong-borong - Tapanuli Utara'),
(1523, 'Universitas Sjakhyakirti, Palembang'),
(1524, 'Universitas Slamet Riyadi, Surakarta'),
(1525, 'Universitas Soerjo Ngawi'),
(1526, 'Universitas Sriwijaya (UNSRI), Palembang'),
(1527, 'Universitas Sekolah TinggiIKUBANK Semarang'),
(1528, 'Universitas Subang, Subang'),
(1529, 'Universitas Sulawesi Tenggara (UNSULTRA), Kendari'),
(1530, 'Universitas Sultan Ageng Tirtayasa Serang, Banten'),
(1531, 'Universitas Sumatera Utara (USU)'),
(1532, 'Universitas Sunan Bonang'),
(1533, 'Universitas Sunan Giri, Surabaya'),
(1534, 'Universitas Surabaya (UBAYA), Surabaya'),
(1535, 'Universitas Surakarta, Surakarta'),
(1536, 'Universitas Surapati, Jakarta'),
(1537, 'Universitas Suryadarma, Jakarta'),
(1538, 'Universitas Suryakancana'),
(1539, 'Universitas Swadaya Gunung Djati (UNSWAGATI), Cirebon'),
(1540, 'Universitas Swiss-German Serpong Tangerang'),
(1541, 'Universitas Syiah Kuala (Unisyah)'),
(1542, 'Universitas Tabanan'),
(1543, 'Universitas Tadulako, Palu'),
(1544, 'Universitas Tama Jagakarsa, Jakarta'),
(1545, 'Universitas Tamansiswa Padang (UNITAS)'),
(1546, 'Universitas Tamansiswa Palembang'),
(1547, 'Universitas Tanjungpura (UNTAN), Pontianak'),
(1548, 'Universitas Tarumanegara (UNTAR), Jakarta'),
(1549, 'Universitas Teknologi Yogyakarta'),
(1550, 'Universitas Terbuka (UT), Pondok Cabe'),
(1551, 'Universitas Tidar, Magelang'),
(1552, 'Universitas Timor (UNIMOR)'),
(1553, 'Universitas Tjut Nyak Dhien, Medan'),
(1554, 'Universitas Tommpotika Luwuk Banggai'),
(1555, 'Universitas Tri Dharma, Balikpapan'),
(1556, 'Universitas Tri Tunggal Surabaya'),
(1557, 'Universitas Tribhuwana Tunggadewi Malang'),
(1558, 'Universitas Tridinanti, Palembang'),
(1559, 'Universitas Trisakti'),
(1560, 'Universitas Trunajaya Bontang'),
(1561, 'Universitas Trunodjojo Madura'),
(1562, 'Universitas Tulang Bawang (UTB), Lampung'),
(1563, 'Universitas Tulungagung'),
(1564, 'Universitas Tunas Pembangunan (UTP) Surakarta'),
(1565, 'Universitas Udayana (UNUD), Denpasar'),
(1566, 'Universitas Veteran Bangun Nusantara, Sukoharjo'),
(1567, 'Universitas Veteran RI Makassar'),
(1568, 'Universitas Wahid Hasyim, Semarang'),
(1569, 'Universitas Wangsa Manggala, Yogyakarta'),
(1570, 'Universitas Warmadewa, Denpasar'),
(1571, 'Universitas Widya Dharma, Klaten'),
(1572, 'Universitas Widya Gama Mahakam Samarinda'),
(1573, 'Universitas Widya Gama, Malang'),
(1574, 'Universitas Widya Kartika Surabaya'),
(1575, 'Universitas Widya Mandala Madiun'),
(1576, 'Universitas Widya Mataram, Yogyakarta'),
(1577, 'Universitas Widyatama'),
(1578, 'Universitas Wijaya Kusuma Surabaya'),
(1579, 'Universitas Wijaya Putra Surabaya'),
(1580, 'Universitas Wijayakusuma, Purwokerto'),
(1581, 'Universitas Winaya Mukti'),
(1582, 'Universitas Wiralodra, Indramayu'),
(1583, 'Universitas Wiraraja, Sumenep'),
(1584, 'Universitas Wiraswasta Indonesia, Jakarta'),
(1585, 'Universitas Wisnuwardhana, Malang'),
(1586, 'Universitas WR. Supratman, Surabaya'),
(1587, 'Universitas Yapis Papua Jayapura'),
(1588, 'Universitas Yarsi, Jakarta'),
(1589, 'Universitas Yos Sudarso, Surabaya'),
(1590, 'UniversitasTeknologi Surabaya'),
(1591, 'Akademi Pemerintahan Dalam Negeri'),
(1592, '______Universitas Langlang Buana (Hapus ! Double !)'),
(1593, 'Sekolah Tinggi Ilmu Administrasi'),
(1594, 'Politeknik Kesehatan'),
(1595, 'UNWIM'),
(1596, 'Institut Keguruan dan Ilmu Pendidikan (IKIP)'),
(1597, 'Politeknik TNI AU'),
(1598, 'ICM ASASI'),
(1599, '______Sekolah TinggiIE-YPKP (Jangan Pilih !!! Double !!!)'),
(1600, 'Sekolah Tinggi Ilmu Ekonomi Paripurna'),
(1601, 'Akademi Pemerintahan Dalam Negeri'),
(1602, 'Sekolah Tinggi Ilmu Kesehatan Immanuel'),
(1603, 'Akademi Perintis Bukittinggi'),
(1604, 'Akademi Perawat PPNI Jabar'),
(1605, 'Akademi Keperawatan TNI AU Ciumbuleuit'),
(1606, 'Politeknik ITB'),
(1607, 'Telkom University'),
(1608, 'Institute Komputer Manajemen Inggris'),
(1609, 'Universitas Gadjah Mada'),
(1610, 'Sekolah Tinggi Ilmu Administrasi BAGASASI'),
(1611, 'Universitas Terbuka'),
(1612, 'LPKIA-IAI'),
(1613, 'Sekolah Tinggi Manajemen Informatika dan Komputer AMIK'),
(1614, 'Universitas Pasundan'),
(1615, 'Sekolah Tinggi Keguruan dan Ilmu Pendidikan (STKIP) Siliwangi'),
(1616, 'Diklat Trans Jaya'),
(1617, 'IKOPIN'),
(1618, 'Sekolah Tinggi Ilmu Ekonomi YPKP'),
(1619, 'Politeknik Ganesha'),
(1620, 'Sekolah Tinggi Ilmu Administrasi LAN'),
(1621, 'ALLAJR'),
(1622, 'ATPU'),
(1623, 'Sekolah Tinggi Teknik Lingkungan'),
(1624, 'Akademi Komunikasi Massa'),
(1625, 'Institut Agama Islam Negeri (IAIN) Sunan Gunung Djati (SGD)'),
(1626, 'Universitas Winaya Mukti (UNWIM)'),
(1627, 'SPAG Departemen Kesehatan'),
(1628, 'Macquarie Univercity'),
(1629, 'Akademi Pemerintahan Dalam Negeri (APDN)'),
(1630, 'UNIVERSITAS LANGLANGBUANA (UNLA)'),
(1631, 'Sekolah Tinggi Ilmu Ekonomi IEU'),
(1632, 'Sekolah Tinggi Ilmu Ekonomi ABI'),
(1633, 'Sekolah Tinggi Transportasi Darat'),
(1634, 'Diklat Transportasi Darat'),
(1635, 'Universitas Sriwijaya'),
(1636, 'Diklat ALLAJR'),
(1637, 'Sekolah Tinggi Ilmu Ekonomi Muhammadiyah'),
(1638, '_______ Sekolah TinggiKS (Hapus ! Double !)'),
(1639, 'APDN'),
(1640, 'Sekolah Tinggi Ilmu Ekonomi Gema Widya Bangsa'),
(1641, 'APK (Akademi Penilik Kesehatan)'),
(1642, 'UNBAR'),
(1643, 'Sekolah Tinggi Keguruan dan Ilmu Pendidikan Siliwangi'),
(1644, 'Universitaet Karlsruhe'),
(1645, 'Sekolah Tinggi Ilmu Sosial dan Ilmu Politik'),
(1646, 'Sekolah Tinggi Pemerintahan Dalam Negeri (STPDN)'),
(1647, 'Sekolah Tinggi Ilmu Pertanian BALE ENDAH'),
(1648, 'Akademi Perawatnas'),
(1649, 'APK-TS'),
(1650, 'IHE-IHS'),
(1651, 'Sekolah Tinggi Ilmu Administrasi Angkasa'),
(1652, 'J.I.M.S.'),
(1653, 'Akademi Pembangunan Masyarakat Desa'),
(1654, 'Sekolah Tinggi Manajemen Informatika dan Komputer (STMIK) Indonesia Jakarta'),
(1655, 'Sekolah Tinggi Hukum Bandung (STHB)'),
(1656, 'Universitas Tangerang'),
(1657, 'AKM'),
(1658, 'Balai DIKLAT LLAJ Departemen Perhubungan'),
(1659, 'Sekolah Tinggi Ilmu Ekonomi (STIE) Yapis Jayapura'),
(1660, 'Akademi Perkebunan Bandung'),
(1661, 'Sekolah Tinggi Pertanian'),
(1662, 'Univercity of Canberra'),
(1663, 'Sekolah Tinggi Ilmu Administrasi Tasikmalaya'),
(1664, 'IAID Ciamis'),
(1665, 'IPB'),
(1666, 'Universitas Muhamadiyah Mataram'),
(1667, 'Sekolah TinggiAN'),
(1668, 'BPLP Nusadua'),
(1669, 'Akademi Seni Tari Indonesia'),
(1670, 'Universitas Indonesia'),
(1671, 'State University Of New York At Buffalo'),
(1672, 'UNGAR'),
(1673, 'Sekolah Tinggi Pariwisata Tanjungsari'),
(1674, 'AKUBANG'),
(1675, 'akademi Perkebunan Bandung'),
(1676, 'APT Tanjungsari'),
(1677, 'Universitas Islam Indonesia'),
(1678, 'Universitas Tidar Magelang'),
(1679, 'Sekolah Tinggi Ilmu Ekonomi Swadaya'),
(1680, 'Universitas Terbuka'),
(1681, 'Akademi Tekstil Berdikari'),
(1682, 'Sekolah Tinggi Ilmu Administrasi Negara'),
(1683, 'Sekolah Tinggi Ilmu Sosial dan Ilmu Politik'),
(1684, 'Akademi Industri dan Niaga'),
(1685, 'Sekolah Tinggi Manajemen Labora.'),
(1686, 'Akademi Akuntansi Indonesia Jakarta'),
(1687, 'Akademi Teknologi Nasional (Atenas)'),
(1688, 'Akademi Administrasi Niaga'),
(1689, 'UNISMU'),
(1690, 'University Of Roorkee'),
(1691, 'Akademi Pertanian Tanjungsari'),
(1692, 'Akademi Keuangan dan Perbankan Indonesia'),
(1693, 'Akademi Gizi'),
(1694, 'SPKN'),
(1695, 'KPG Wonosari'),
(1696, 'Sekolah TinggiIE Darma Agung'),
(1697, 'STAI Fatahillah'),
(1698, 'Sekolah Tinggi Ilmu Ekonomi Pasundan'),
(1699, 'Sekolah Tinggi Bahasa Asing Yapari'),
(1700, 'STIA Mandala'),
(1701, 'Sekolah Tinggi Ilmu Ekonomi MUHAMMADIYAH'),
(1702, 'Universitas Al-Ghifari'),
(1703, 'Universitas Islam Nusantara'),
(1704, 'Sekolah TinggiAMI'),
(1705, 'UIKA'),
(1706, 'UNIV TNJUNGPURA'),
(1707, 'Akademi Komputer Manajemen Bandung'),
(1708, 'STIA Bandung'),
(1709, 'Sekolah Tinggi Ilmu Ekonomi Tridharma'),
(1710, 'Sekolah Tinggi Ilmu Ekonomi Cirebon'),
(1711, 'Universitas Muslim Indonesia'),
(1712, 'UNIVERSITAS DHARMA AGUNG'),
(1713, 'Universitas Lampung'),
(1714, 'Universitas Pakuan'),
(1715, 'SPAG Depkes RI'),
(1716, 'Sekolah Tinggi Ilmu Ekonomi Triguna'),
(1717, 'Mahidol University'),
(1718, 'Akademi Perawat Dep. Kes. RI'),
(1719, 'Southern Cross University'),
(1720, 'Sekolah Tinggi Ilmu Ekonomi Gema Widya B'),
(1721, 'Bandung'),
(1722, 'Sekolah Tinggi Ilmu Ekonomi DHARMA AGUNG'),
(1723, 'Universitas Tarumanegara'),
(1724, 'Sekolah Tinggi Ilmu Ekonomi IPWI'),
(1725, 'Akademi Kesehatan Lingkungan'),
(1726, 'UNIVERSITAS'),
(1727, 'Universitas Rekon'),
(1728, '-'),
(1729, 'Sekolah Tinggi Ilmu Ekonomi SBI (Solusi Bisnis Indonesia)'),
(1730, 'Universitas BSI'),
(1731, 'Universitas Muhammadyah Jakarta'),
(1732, 'Politeknik Kesehatan (Poltekes) Departemen Kesehatan'),
(1733, 'APK (Akademi Penilik Kesehatan) Depkes'),
(1734, 'Akademi Perawat Bidara Mukti'),
(1735, 'Akademi Perawat Yaspen'),
(1736, 'Akademi Perawat Kharisma'),
(1737, 'Akademi Perawat Buntet Pesantren'),
(1738, 'Akademi Kebidanan Depkes Bogor'),
(1739, 'Akademi Kebidanan Depkes RI'),
(1740, 'Akademi Kebidanan Depkes Rangkas Bitung'),
(1741, 'Akademi Keperawatan RS Husada'),
(1742, 'Akademi Perawat Yayasan Bakti Tunas Husada (YBTH)'),
(1743, 'Akademi Keperawatan Keris Husada'),
(1744, 'Politeknik Kesehatan (Poltekes) Jakarta III'),
(1745, 'Akademi Perawat Bhakti Kencana'),
(1746, 'Politeknik Kesehatan (Poltekes) Jakarta I'),
(1747, 'Akademi Keperawatan Wijaya Husada'),
(1748, 'Akademi Keperawatan Kab. Sumedang'),
(1749, 'Politeknik Kesehatan (Poltekes) Surakarta'),
(1750, 'Akademi Keperawatan Notokusumo'),
(1751, 'Politeknik Kesehatan (Poltekes) Tanjung Karang'),
(1752, 'Sekolah Tinggi Ilmu Kesehatan (STIKES) Muhammadiyah'),
(1753, 'Poltekes TNI AU Ciumbuleuit'),
(1754, 'Akademi Analis Kesehatan Bandung'),
(1755, 'Politeknik Kesehatan (Poltekes) Jakarta II'),
(1756, 'STIA YPPM'),
(1757, 'univ bandung raya'),
(1758, 'Institut Agama Islam Negeri (IAIN) SGD'),
(1759, 'Sekolah Tinggi Ilmu Ekonomi Kridatama'),
(1760, 'Sekolah Tinggi Manajemen Informatika dan Komputer (STIMIK) Bandung'),
(1761, 'STIA'),
(1762, 'Akademi Akutansi Niaga'),
(1763, 'Sekolah Tinggi Ilmu Ekonomi TRIDARMA'),
(1764, 'Universitas Brawijaya'),
(1765, 'POLTEKKES'),
(1766, 'Sekolah Tinggi Ilmu Ekonomi STEMBI'),
(1767, 'POLTEKKES Dep-Kes RI'),
(1768, 'Akademi Perawat Bhakti Kencana'),
(1769, 'Akademi Perawat Pemda Garut'),
(1770, 'Akademi Perawat Borromeus'),
(1771, 'Akademi Perawat Sekolah Tinggi Borromeus'),
(1772, 'Akademi Perawat Dr.Otten'),
(1773, 'Sekolah Tinggi Teknologi YPKP'),
(1774, 'Sekolah Tinggi Ilmu Ekonomi Bandung'),
(1775, 'Akademi Gizi Muhammadiyah'),
(1776, 'Akademi Perawat Dep Kes Otten'),
(1777, 'Sekolah Tinggi Pariwisata Jawa Barat'),
(1778, 'SPK MUHAMADIYAH'),
(1779, 'UNIVERSITAS SUMATERA UTARA  (USU)'),
(1780, 'IKIP Yogyakarta'),
(1781, 'Akademi Pimpinan Perusahaan'),
(1782, 'Sekolah Tinggi Teknologi Dirgantara'),
(1783, 'Akademi Perawat'),
(1784, 'PPB DEPKES'),
(1785, 'Akademi Kebidanan Keris Husada'),
(1786, 'POLTEKES BPH'),
(1787, 'Akademi Keperawatan DR Otten'),
(1788, 'Sekolah Tinggi Ilmu Kesehatan (STIKES) Jend. A. Yani'),
(1789, 'Poltekes'),
(1790, 'Universitas Jendral Ahmad Yani'),
(1791, 'Akademi Perawat Muhammadiyah'),
(1792, 'Akademi Lalu Lintas'),
(1793, 'UNIVERSITAS AIRLANGGA'),
(1794, 'PEKARYA Kesehatan'),
(1795, 'Akademi Perawat PEMBINA'),
(1796, 'SPK DEPKES'),
(1797, 'Poltekes DEPKES'),
(1798, 'Akademi Perawat Depkes'),
(1799, 'Akademi Perawat Ahmad Yani'),
(1800, 'PCPM'),
(1801, 'Sekolah Tinggi Kesehatan Indonesia'),
(1802, 'Akademi Kesehatan Gigi'),
(1803, 'CUT NYAK DIEN'),
(1804, 'Universitas Serambi Mekkah (USM)'),
(1805, 'Akademi Kesehatan Lingkungan'),
(1806, 'Program Pendidikan Bidan PEMDA'),
(1807, 'Pendidikan Bidan'),
(1808, 'Kebidanan DEPKES'),
(1809, 'UNIVERSITAS RESPATI INDONESIA'),
(1810, 'SPK KESDAM I/B.BARISAN'),
(1811, 'PP Bidan'),
(1812, 'Akademi Perawat DEPKES'),
(1813, 'AKADEMI LALU LINTAS'),
(1814, 'Akademi Perawat DEPKES RI'),
(1815, 'PPB SPK DEPKES'),
(1816, 'AKL Muhammadiyah'),
(1817, 'BALAI LATIHAN PUSAT PENDIDIKAN (BLPP)'),
(1818, 'PPB Depkes Purwokerto'),
(1819, 'PPB SPK RS IMMANUEL'),
(1820, 'SPPH'),
(1821, 'Akademi Keperawatan'),
(1822, 'Sekolah Tinggi Ilmu Ekonomi Labora'),
(1823, 'Unika Soegijapranata'),
(1824, 'STIA YAPPANN'),
(1825, 'STIA YAPATA AL-JAWANI'),
(1826, 'Universitas Komputer Indonesia'),
(1827, 'LAN'),
(1828, 'Universitas Windya Mukti'),
(1829, 'Sekolah Tinggi Agama Islam Negeri (STAIN) Yamisa'),
(1830, 'Institut Keguruan dan Ilmu Pendidikan (IKIP) Padang'),
(1831, 'Akademi Bina Wisata'),
(1832, 'UIN Syarif Hidayatullah'),
(1833, 'politeknik piksi ganesha'),
(1834, 'Sekolah Tinggi Ilmu Ekonomi (STIE) IEU Yogyakarta'),
(1835, 'ITT'),
(1836, 'UNSIL'),
(1837, 'STIE PERTIBA'),
(1838, 'Universitas Jendral Sudirman'),
(1839, 'Akademi Ilmu Pemerintahan'),
(1840, 'STIA Banten'),
(1841, 'Sekolah Tinggi Ilmu Kesehatan (STIKES) HI'),
(1842, 'Akademi Gizi Jakarta'),
(1843, 'Universitas Nutanio'),
(1844, 'Universitas Islam Syekh-Yusuf Tangerang'),
(1845, 'SGPLB'),
(1846, 'STIEU Yogyakarta'),
(1847, 'STKIP CIMAHI, SILIWANGI'),
(1848, 'IKIP'),
(1849, 'DEPKES KOTA BANDUNG'),
(1850, 'JENDRAL A. YANI'),
(1851, 'UT. PGSD'),
(1852, 'SGPLB N'),
(1853, 'PGSD Universitas Terbuka'),
(1854, 'S60 PERSAMAAN'),
(1855, 'Universitas ARS. Internasinal'),
(1856, 'KEP DEPKES'),
(1857, 'PAM (Keguruan) Sutopo'),
(1858, 'Sekolah TinggiKINDO Wirautama'),
(1859, 'KARAWITAN'),
(1860, 'IAIN SUNAN GUNUNG JATI'),
(1861, 'STAI AL MUSDARIYAH'),
(1862, 'STKIIP SILIWANGI'),
(1863, 'Universitas Hasanudin'),
(1864, 'Universitas Gajah Mada'),
(1865, 'UNUR'),
(1866, 'LPS Patuha'),
(1867, 'UT UNSRI'),
(1868, 'STIKES BHAKTI KENCANA'),
(1869, 'S600 N BANDUNG'),
(1870, 'UPBJJ'),
(1871, 'BAHASA INDONESIA'),
(1872, 'STKIP'),
(1873, 'STTISI'),
(1874, 'Universitas Bandung Raya'),
(1875, 'STAI YAMISA'),
(1876, 'AKADEMIK KEPERAWATAN GIGI'),
(1877, 'ASTI Bandung'),
(1878, 'PGSMTP'),
(1879, 'AKADEMI SENI TARI'),
(1880, 'Sekolah TinggiIE PASIM'),
(1881, 'SGPLB NEGERI'),
(1882, 'SEKOLAH TINGGI AGAMA KRISTEN PROTESTAN NEGERI'),
(1883, 'ITKI'),
(1884, 'DK I'),
(1885, 'INSTITUT TEOLOGI DAN KEGURUAN INDONESIA'),
(1886, 'KPG NEGERI'),
(1887, 'SPK Cirebon'),
(1888, 'IKIP MEDAN'),
(1889, 'Sekolah Tinggi Keguruan dan Ilmu Pendidikan Sebelas April'),
(1890, 'SGO NEGERI'),
(1891, 'Sekolah Tinggi Agama Islam CICALENGKA'),
(1892, 'IKIP SUMEDANG'),
(1893, 'Universitas Pendidikan Indonesia (UPI), SUMEDANG'),
(1894, 'PROGRAM BIDAN'),
(1895, 'Sekolah Tinggi Ilmu Kesehatan Bakti Kencana'),
(1896, 'AL- MURSADIYAH'),
(1897, 'Universitas Abulijatama'),
(1898, 'Sekolah Tinggi Agama Islam AL-MUSDARIYAH'),
(1899, 'STTB BANDUNG'),
(1900, 'PGSMTP SURAKARTA'),
(1901, 'Sekolah Tinggi Agama Islam'),
(1902, 'Universitas Terbuka'),
(1903, 'UNIVERSITAS PAJAJARAN'),
(1904, 'SGO TASIKMALAYA'),
(1905, 'Institut Keguruan dan Ilmu Pendidikan (IKIP) Surabaya'),
(1906, 'DEPKES'),
(1907, 'Sekolah Tinggi Ilmu Kesehatan'),
(1908, 'Sekolah Tinggi Seni Indonesia'),
(1909, 'UNIVERSITAS SEBELAS MARET'),
(1910, 'SPK JAYAPURA'),
(1911, 'PEMDA'),
(1912, 'UNIVERSITAS PAKUAN'),
(1913, 'University of Southern California'),
(1914, 'Universitas Bale Bandung'),
(1915, 'Ritsumeikan University'),
(1916, 'Akademi Akuntansi Bandung'),
(1917, 'Lembaga Pendidikan Komputer Indonesia Singapura'),
(1918, 'Sekolah Tinggi Manajemen Informatika dan Komputer (STMIK) Jabar'),
(1919, 'Universitas Pertahanan Indonesia'),
(1920, 'STIE Sakti Alam Kerinci'),
(1921, 'STIA Nusantara Sakti');

-- --------------------------------------------------------

--
-- Table structure for table `riwayat_hukuman`
--

CREATE TABLE `riwayat_hukuman` (
  `id` int(11) NOT NULL,
  `hukuman_id` int(11) DEFAULT NULL,
  `pegawai_id` int(11) DEFAULT NULL,
  `tanggal_mulai` date DEFAULT NULL,
  `tanggal_selesai` date DEFAULT NULL,
  `nomor_sk` varchar(255) DEFAULT NULL,
  `tanggal_sk` date DEFAULT NULL,
  `keterangan` varchar(255) DEFAULT NULL,
  `jenis` varchar(100) DEFAULT NULL,
  `data_id` int(11) DEFAULT NULL,
  `user_input` int(11) DEFAULT NULL,
  `tanggal_input` date DEFAULT NULL,
  `user_acc` int(11) DEFAULT NULL,
  `tanggal_acc` date DEFAULT NULL,
  `status_draft` varchar(255) DEFAULT 'DRAFT',
  `keterangan_draft` varchar(255) NOT NULL,
  `created_at` datetime DEFAULT NULL,
  `updated_at` datetime DEFAULT NULL
) ENGINE=InnoDB DEFAULT CHARSET=latin1;

--
-- Dumping data for table `riwayat_hukuman`
--

INSERT INTO `riwayat_hukuman` (`id`, `hukuman_id`, `pegawai_id`, `tanggal_mulai`, `tanggal_selesai`, `nomor_sk`, `tanggal_sk`, `keterangan`, `jenis`, `data_id`, `user_input`, `tanggal_input`, `user_acc`, `tanggal_acc`, `status_draft`, `keterangan_draft`, `created_at`, `updated_at`) VALUES
(1, 8, 1, '2021-01-23', '2021-01-23', '12345', '0000-00-00', '11fsdfsddsf', 'DRAFT', 0, NULL, '2021-01-23', NULL, '2021-01-23', 'ACC', 'Input Hukuman Baru', '2021-01-23 05:18:41', '2021-01-23 05:26:19'),
(2, 8, 1, '2021-01-23', '2021-01-23', '12345', '2021-01-23', '11fsdfsddsf', 'DATA', 0, NULL, '2021-01-23', NULL, NULL, 'DRAFT', 'Input Hukuman Baru', '2021-01-23 05:18:41', '2021-01-23 05:27:05'),
(3, 8, 1, '2021-01-23', '2021-01-23', '12345', '2021-01-23', '11fsdfsddsf', 'DRAFT', 2, NULL, '2021-01-23', NULL, '2021-01-23', 'ACC', 'Edit Hukuman', '2021-01-23 05:26:55', '2021-01-23 05:27:05');

-- --------------------------------------------------------

--
-- Table structure for table `riwayat_jabatan`
--

CREATE TABLE `riwayat_jabatan` (
  `id` int(11) NOT NULL,
  `pegawai_id` int(11) NOT NULL,
  `satuan_kerja_id` int(11) NOT NULL,
  `unit_kerja_id` int(11) NOT NULL,
  `jabatan_id` int(11) NOT NULL,
  `jabatan_tmt` date NOT NULL,
  `nomor_sk` varchar(100) NOT NULL,
  `tanggal_sk` date NOT NULL,
  `pejabat` varchar(100) NOT NULL,
  `lampiran` varchar(555) NOT NULL,
  `user_input` int(11) NOT NULL,
  `tanggal_input` date NOT NULL,
  `user_acc` int(11) NOT NULL,
  `tanggal_acc` date NOT NULL,
  `status` varchar(100) NOT NULL DEFAULT 'DRAFT',
  `keterangan` text DEFAULT NULL,
  `created_at` datetime NOT NULL,
  `updated_at` datetime NOT NULL
) ENGINE=InnoDB DEFAULT CHARSET=utf8mb4;

-- --------------------------------------------------------

--
-- Table structure for table `riwayat_nonformal`
--

CREATE TABLE `riwayat_nonformal` (
  `id` bigint(20) NOT NULL,
  `pegawai_id` int(11) DEFAULT NULL,
  `nama` varchar(255) DEFAULT NULL,
  `tanggal_mulai` date DEFAULT NULL,
  `tanggal_selesai` date DEFAULT NULL,
  `sttp` varchar(255) DEFAULT NULL,
  `penyelenggara` varchar(255) DEFAULT NULL,
  `tempat` varchar(255) DEFAULT NULL,
  `sttp_tanggal` date DEFAULT NULL,
  `sttp_pejabat` varchar(255) DEFAULT NULL,
  `jenis` varchar(100) DEFAULT NULL,
  `data_id` int(11) DEFAULT NULL,
  `user_input` int(11) DEFAULT NULL,
  `tanggal_input` date DEFAULT NULL,
  `user_acc` int(11) DEFAULT NULL,
  `tanggal_acc` date DEFAULT NULL,
  `status_draft` varchar(100) DEFAULT 'DRAFT',
  `keterangan_draft` varchar(255) DEFAULT NULL,
  `created_at` datetime DEFAULT NULL,
  `updated_at` datetime DEFAULT NULL
) ENGINE=InnoDB DEFAULT CHARSET=latin1;

--
-- Dumping data for table `riwayat_nonformal`
--

INSERT INTO `riwayat_nonformal` (`id`, `pegawai_id`, `nama`, `tanggal_mulai`, `tanggal_selesai`, `sttp`, `penyelenggara`, `tempat`, `sttp_tanggal`, `sttp_pejabat`, `jenis`, `data_id`, `user_input`, `tanggal_input`, `user_acc`, `tanggal_acc`, `status_draft`, `keterangan_draft`, `created_at`, `updated_at`) VALUES
(1, 1, 'Mengemudi', '2021-01-22', '2021-01-26', '11223344', '', 'testt dfdfdd', '2021-01-28', 'pejabat', 'DRAFT', 0, NULL, '2021-01-22', NULL, '2021-01-22', 'ACC', 'Input Pendidikan Baru', '2021-01-22 14:34:20', '2021-01-22 14:44:38'),
(2, 1, 'Mengemudi', '2021-01-22', '2021-01-26', '11223344', 'Pemkab', 'testt dfdfdd', '2021-01-28', 'pejabat', 'DATA', 0, NULL, '2021-01-22', NULL, NULL, 'DRAFT', 'Input Pendidikan Baru', '2021-01-22 14:34:20', '2021-01-22 14:46:59'),
(3, 1, 'Mengemudi', '2021-01-22', '2021-01-26', '11223344', 'Pemkab', 'testt dfdfdd', '2021-01-28', 'pejabat', 'DRAFT', 2, NULL, '2021-01-22', NULL, '2021-01-22', 'ACC', 'Edit Pendidikan', '2021-01-22 14:46:47', '2021-01-22 14:46:59');

-- --------------------------------------------------------

--
-- Table structure for table `riwayat_pangkat`
--

CREATE TABLE `riwayat_pangkat` (
  `id` int(11) NOT NULL,
  `pegawai_id` int(11) NOT NULL,
  `golongan_id` int(11) NOT NULL,
  `satuan_kerja_id` int(11) NOT NULL,
  `unit_kerja_id` int(11) NOT NULL,
  `golongan_tmt` date NOT NULL,
  `nomor_sk` varchar(100) NOT NULL,
  `tanggal_sk` date NOT NULL,
  `pangkat_bulan` varchar(2) NOT NULL,
  `pangkat_tahun` varchar(2) NOT NULL,
  `pangkat_pejabat` varchar(100) NOT NULL,
  `lampiran` varchar(555) NOT NULL,
  `status` varchar(100) NOT NULL DEFAULT 'DRAFT',
  `keterangan` varchar(555) DEFAULT NULL,
  `tanggal_acc` date DEFAULT NULL,
  `user_acc` int(11) DEFAULT NULL,
  `created_at` datetime NOT NULL,
  `updated_at` datetime NOT NULL
) ENGINE=InnoDB DEFAULT CHARSET=latin1;

--
-- Dumping data for table `riwayat_pangkat`
--

INSERT INTO `riwayat_pangkat` (`id`, `pegawai_id`, `golongan_id`, `satuan_kerja_id`, `unit_kerja_id`, `golongan_tmt`, `nomor_sk`, `tanggal_sk`, `pangkat_bulan`, `pangkat_tahun`, `pangkat_pejabat`, `lampiran`, `status`, `keterangan`, `tanggal_acc`, `user_acc`, `created_at`, `updated_at`) VALUES
(2, 1, 5, 2, 4, '2021-01-27', '44332211', '2021-01-22', '7', '7', 'bupati', 'Doc18.docx', 'ACC', NULL, '2021-01-22', NULL, '2021-01-22 15:42:46', '2021-01-22 15:43:01');

-- --------------------------------------------------------

--
-- Table structure for table `riwayat_pendidikan`
--

CREATE TABLE `riwayat_pendidikan` (
  `id` bigint(20) NOT NULL,
  `pegawai_id` int(11) NOT NULL,
  `tingkat_pendidikan_id` int(11) NOT NULL,
  `nama_sekolah` varchar(255) NOT NULL,
  `no_ijazah` varchar(100) NOT NULL,
  `tanggal_ijazah` date NOT NULL,
  `jurusan_id` int(11) NOT NULL,
  `pejabat` varchar(255) NOT NULL,
  `fakultas_id` int(11) NOT NULL,
  `lokasi` varchar(255) NOT NULL,
  `user_input` int(11) DEFAULT NULL,
  `jenis` varchar(100) NOT NULL,
  `data_id` int(11) NOT NULL,
  `tanggal_input` date NOT NULL,
  `user_acc` int(11) DEFAULT NULL,
  `tanggal_acc` date NOT NULL,
  `status_draft` varchar(255) NOT NULL DEFAULT 'DRAFT',
  `keterangan_draft` varchar(255) DEFAULT NULL,
  `created_at` datetime NOT NULL,
  `updated_at` datetime NOT NULL
) ENGINE=InnoDB DEFAULT CHARSET=latin1;

--
-- Dumping data for table `riwayat_pendidikan`
--

INSERT INTO `riwayat_pendidikan` (`id`, `pegawai_id`, `tingkat_pendidikan_id`, `nama_sekolah`, `no_ijazah`, `tanggal_ijazah`, `jurusan_id`, `pejabat`, `fakultas_id`, `lokasi`, `user_input`, `jenis`, `data_id`, `tanggal_input`, `user_acc`, `tanggal_acc`, `status_draft`, `keterangan_draft`, `created_at`, `updated_at`) VALUES
(2, 1, 4, 'Sekolah Tinggi Ekonomi Al-Khairiyah Banten', 'asdass', '2021-01-22', 23, 'rektor', 7, 'banten', NULL, 'DRAFT', 0, '2021-01-22', NULL, '2021-01-22', 'ACC', 'Input Pendidikan Baru', '2021-01-22 05:07:44', '2021-01-22 09:11:40'),
(3, 1, 4, 'Sekolah Tinggi Ekonomi Al-Khairiyah Banten', '12345678 ', '2021-01-22', 23, 'rektor', 7, 'banten jawa barat', NULL, 'DATA', 0, '2021-01-22', NULL, '0000-00-00', 'DRAFT', 'Input Pendidikan Baru', '2021-01-22 05:07:44', '2021-01-22 09:35:25'),
(4, 1, 4, 'Sekolah Tinggi Ekonomi Al-Khairiyah Banten', '12345678', '2021-01-22', 23, 'rektor', 7, 'banten', NULL, 'DRAFT', 3, '2021-01-22', NULL, '2021-01-22', 'ACC', 'Edit Pendidikan', '2021-01-22 09:28:13', '2021-01-22 09:30:26'),
(6, 1, 4, 'Sekolah Tinggi Ekonomi Al-Khairiyah Banten', '12345678 ', '2021-01-22', 23, 'rektor', 7, 'banten jawa barat', NULL, 'DRAFT', 3, '2021-01-22', NULL, '2021-01-22', 'ACC', 'Edit Pendidikan', '2021-01-22 09:34:55', '2021-01-22 09:35:25');

--
-- Indexes for dumped tables
--

--
-- Indexes for table `data_draft`
--
ALTER TABLE `data_draft`
  ADD PRIMARY KEY (`id`);

--
-- Indexes for table `data_pegawai`
--
ALTER TABLE `data_pegawai`
  ADD PRIMARY KEY (`id`);

--
-- Indexes for table `master_agama`
--
ALTER TABLE `master_agama`
  ADD PRIMARY KEY (`id`);

--
-- Indexes for table `master_bahasa`
--
ALTER TABLE `master_bahasa`
  ADD PRIMARY KEY (`id`);

--
-- Indexes for table `master_diklat_fugsional`
--
ALTER TABLE `master_diklat_fugsional`
  ADD PRIMARY KEY (`id`);

--
-- Indexes for table `master_diklat_struktural`
--
ALTER TABLE `master_diklat_struktural`
  ADD PRIMARY KEY (`id`);

--
-- Indexes for table `master_diklat_teknis`
--
ALTER TABLE `master_diklat_teknis`
  ADD PRIMARY KEY (`id`);

--
-- Indexes for table `master_eselon`
--
ALTER TABLE `master_eselon`
  ADD PRIMARY KEY (`id`),
  ADD KEY `golongan_awal_id` (`golongan_awal_id`),
  ADD KEY `golongan_akhir_id` (`golongan_akhir_id`);

--
-- Indexes for table `master_fakultas`
--
ALTER TABLE `master_fakultas`
  ADD PRIMARY KEY (`id`);

--
-- Indexes for table `master_golongan`
--
ALTER TABLE `master_golongan`
  ADD PRIMARY KEY (`id`);

--
-- Indexes for table `master_golongan_darah`
--
ALTER TABLE `master_golongan_darah`
  ADD PRIMARY KEY (`id`);

--
-- Indexes for table `master_hukuman`
--
ALTER TABLE `master_hukuman`
  ADD PRIMARY KEY (`id`);

--
-- Indexes for table `master_jabatan`
--
ALTER TABLE `master_jabatan`
  ADD PRIMARY KEY (`id`);

--
-- Indexes for table `master_jabatan_kategori`
--
ALTER TABLE `master_jabatan_kategori`
  ADD PRIMARY KEY (`id`);

--
-- Indexes for table `master_jabatan_kelas`
--
ALTER TABLE `master_jabatan_kelas`
  ADD PRIMARY KEY (`id`);

--
-- Indexes for table `master_jabatan_rumpun`
--
ALTER TABLE `master_jabatan_rumpun`
  ADD PRIMARY KEY (`id`);

--
-- Indexes for table `master_jft`
--
ALTER TABLE `master_jft`
  ADD PRIMARY KEY (`id`);

--
-- Indexes for table `master_jurusan`
--
ALTER TABLE `master_jurusan`
  ADD PRIMARY KEY (`id`);

--
-- Indexes for table `master_kabupaten`
--
ALTER TABLE `master_kabupaten`
  ADD PRIMARY KEY (`id`);

--
-- Indexes for table `master_kategori_pendidikan`
--
ALTER TABLE `master_kategori_pendidikan`
  ADD PRIMARY KEY (`id`);

--
-- Indexes for table `master_kecamatan`
--
ALTER TABLE `master_kecamatan`
  ADD PRIMARY KEY (`id`);

--
-- Indexes for table `master_pendidikan`
--
ALTER TABLE `master_pendidikan`
  ADD PRIMARY KEY (`id`),
  ADD KEY `kategori_pendidikan_id` (`kategori_pendidikan_id`);

--
-- Indexes for table `master_penghargaan`
--
ALTER TABLE `master_penghargaan`
  ADD PRIMARY KEY (`id`);

--
-- Indexes for table `master_satuan_kerja`
--
ALTER TABLE `master_satuan_kerja`
  ADD PRIMARY KEY (`id`);

--
-- Indexes for table `master_tingkat_pendidikan`
--
ALTER TABLE `master_tingkat_pendidikan`
  ADD PRIMARY KEY (`id`);

--
-- Indexes for table `master_unit_kerja`
--
ALTER TABLE `master_unit_kerja`
  ADD PRIMARY KEY (`id`);

--
-- Indexes for table `master_universitas`
--
ALTER TABLE `master_universitas`
  ADD PRIMARY KEY (`id`);

--
-- Indexes for table `riwayat_hukuman`
--
ALTER TABLE `riwayat_hukuman`
  ADD PRIMARY KEY (`id`);

--
-- Indexes for table `riwayat_jabatan`
--
ALTER TABLE `riwayat_jabatan`
  ADD PRIMARY KEY (`id`);

--
-- Indexes for table `riwayat_nonformal`
--
ALTER TABLE `riwayat_nonformal`
  ADD PRIMARY KEY (`id`);

--
-- Indexes for table `riwayat_pangkat`
--
ALTER TABLE `riwayat_pangkat`
  ADD PRIMARY KEY (`id`);

--
-- Indexes for table `riwayat_pendidikan`
--
ALTER TABLE `riwayat_pendidikan`
  ADD PRIMARY KEY (`id`);

--
-- AUTO_INCREMENT for dumped tables
--

--
-- AUTO_INCREMENT for table `data_draft`
--
ALTER TABLE `data_draft`
  MODIFY `id` bigint(20) NOT NULL AUTO_INCREMENT, AUTO_INCREMENT=3;

--
-- AUTO_INCREMENT for table `data_pegawai`
--
ALTER TABLE `data_pegawai`
  MODIFY `id` int(11) NOT NULL AUTO_INCREMENT, AUTO_INCREMENT=2;

--
-- AUTO_INCREMENT for table `master_agama`
--
ALTER TABLE `master_agama`
  MODIFY `id` int(11) NOT NULL AUTO_INCREMENT, AUTO_INCREMENT=8;

--
-- AUTO_INCREMENT for table `master_bahasa`
--
ALTER TABLE `master_bahasa`
  MODIFY `id` int(11) NOT NULL AUTO_INCREMENT, AUTO_INCREMENT=5;

--
-- AUTO_INCREMENT for table `master_diklat_fugsional`
--
ALTER TABLE `master_diklat_fugsional`
  MODIFY `id` int(11) NOT NULL AUTO_INCREMENT, AUTO_INCREMENT=1054;

--
-- AUTO_INCREMENT for table `master_diklat_struktural`
--
ALTER TABLE `master_diklat_struktural`
  MODIFY `id` int(11) NOT NULL AUTO_INCREMENT, AUTO_INCREMENT=20;

--
-- AUTO_INCREMENT for table `master_diklat_teknis`
--
ALTER TABLE `master_diklat_teknis`
  MODIFY `id` int(11) NOT NULL AUTO_INCREMENT, AUTO_INCREMENT=1123;

--
-- AUTO_INCREMENT for table `master_eselon`
--
ALTER TABLE `master_eselon`
  MODIFY `id` int(11) NOT NULL AUTO_INCREMENT, AUTO_INCREMENT=10;

--
-- AUTO_INCREMENT for table `master_fakultas`
--
ALTER TABLE `master_fakultas`
  MODIFY `id` int(11) NOT NULL AUTO_INCREMENT, AUTO_INCREMENT=58;

--
-- AUTO_INCREMENT for table `master_golongan`
--
ALTER TABLE `master_golongan`
  MODIFY `id` int(11) NOT NULL AUTO_INCREMENT, AUTO_INCREMENT=18;

--
-- AUTO_INCREMENT for table `master_golongan_darah`
--
ALTER TABLE `master_golongan_darah`
  MODIFY `id` int(11) NOT NULL AUTO_INCREMENT, AUTO_INCREMENT=5;

--
-- AUTO_INCREMENT for table `master_hukuman`
--
ALTER TABLE `master_hukuman`
  MODIFY `id` int(11) NOT NULL AUTO_INCREMENT, AUTO_INCREMENT=12;

--
-- AUTO_INCREMENT for table `master_jabatan`
--
ALTER TABLE `master_jabatan`
  MODIFY `id` int(11) NOT NULL AUTO_INCREMENT, AUTO_INCREMENT=6;

--
-- AUTO_INCREMENT for table `master_jabatan_kategori`
--
ALTER TABLE `master_jabatan_kategori`
  MODIFY `id` int(11) NOT NULL AUTO_INCREMENT, AUTO_INCREMENT=2;

--
-- AUTO_INCREMENT for table `master_jabatan_kelas`
--
ALTER TABLE `master_jabatan_kelas`
  MODIFY `id` int(11) NOT NULL AUTO_INCREMENT, AUTO_INCREMENT=6;

--
-- AUTO_INCREMENT for table `master_jabatan_rumpun`
--
ALTER TABLE `master_jabatan_rumpun`
  MODIFY `id` int(11) NOT NULL AUTO_INCREMENT, AUTO_INCREMENT=3;

--
-- AUTO_INCREMENT for table `master_jft`
--
ALTER TABLE `master_jft`
  MODIFY `id` int(11) NOT NULL AUTO_INCREMENT, AUTO_INCREMENT=4;

--
-- AUTO_INCREMENT for table `master_jurusan`
--
ALTER TABLE `master_jurusan`
  MODIFY `id` int(11) NOT NULL AUTO_INCREMENT, AUTO_INCREMENT=194;

--
-- AUTO_INCREMENT for table `master_kategori_pendidikan`
--
ALTER TABLE `master_kategori_pendidikan`
  MODIFY `id` int(11) NOT NULL AUTO_INCREMENT, AUTO_INCREMENT=15;

--
-- AUTO_INCREMENT for table `master_kecamatan`
--
ALTER TABLE `master_kecamatan`
  MODIFY `id` int(11) NOT NULL AUTO_INCREMENT, AUTO_INCREMENT=26;

--
-- AUTO_INCREMENT for table `master_pendidikan`
--
ALTER TABLE `master_pendidikan`
  MODIFY `id` int(11) NOT NULL AUTO_INCREMENT, AUTO_INCREMENT=18;

--
-- AUTO_INCREMENT for table `master_penghargaan`
--
ALTER TABLE `master_penghargaan`
  MODIFY `id` int(11) NOT NULL AUTO_INCREMENT, AUTO_INCREMENT=347;

--
-- AUTO_INCREMENT for table `master_satuan_kerja`
--
ALTER TABLE `master_satuan_kerja`
  MODIFY `id` int(11) NOT NULL AUTO_INCREMENT, AUTO_INCREMENT=4;

--
-- AUTO_INCREMENT for table `master_tingkat_pendidikan`
--
ALTER TABLE `master_tingkat_pendidikan`
  MODIFY `id` int(11) NOT NULL AUTO_INCREMENT, AUTO_INCREMENT=11;

--
-- AUTO_INCREMENT for table `master_unit_kerja`
--
ALTER TABLE `master_unit_kerja`
  MODIFY `id` int(11) NOT NULL AUTO_INCREMENT, AUTO_INCREMENT=11;

--
-- AUTO_INCREMENT for table `master_universitas`
--
ALTER TABLE `master_universitas`
  MODIFY `id` int(11) NOT NULL AUTO_INCREMENT, AUTO_INCREMENT=1922;

--
-- AUTO_INCREMENT for table `riwayat_hukuman`
--
ALTER TABLE `riwayat_hukuman`
  MODIFY `id` int(11) NOT NULL AUTO_INCREMENT, AUTO_INCREMENT=4;

--
-- AUTO_INCREMENT for table `riwayat_jabatan`
--
ALTER TABLE `riwayat_jabatan`
  MODIFY `id` int(11) NOT NULL AUTO_INCREMENT;

--
-- AUTO_INCREMENT for table `riwayat_nonformal`
--
ALTER TABLE `riwayat_nonformal`
  MODIFY `id` bigint(20) NOT NULL AUTO_INCREMENT, AUTO_INCREMENT=4;

--
-- AUTO_INCREMENT for table `riwayat_pangkat`
--
ALTER TABLE `riwayat_pangkat`
  MODIFY `id` int(11) NOT NULL AUTO_INCREMENT, AUTO_INCREMENT=3;

--
-- AUTO_INCREMENT for table `riwayat_pendidikan`
--
ALTER TABLE `riwayat_pendidikan`
  MODIFY `id` bigint(20) NOT NULL AUTO_INCREMENT, AUTO_INCREMENT=7;

--
-- Constraints for dumped tables
--

--
-- Constraints for table `master_eselon`
--
ALTER TABLE `master_eselon`
  ADD CONSTRAINT `master_eselon_ibfk_1` FOREIGN KEY (`golongan_awal_id`) REFERENCES `master_golongan` (`id`) ON UPDATE CASCADE,
  ADD CONSTRAINT `master_eselon_ibfk_2` FOREIGN KEY (`golongan_akhir_id`) REFERENCES `master_golongan` (`id`) ON UPDATE CASCADE;

--
-- Constraints for table `master_pendidikan`
--
ALTER TABLE `master_pendidikan`
  ADD CONSTRAINT `master_pendidikan_ibfk_1` FOREIGN KEY (`kategori_pendidikan_id`) REFERENCES `master_kategori_pendidikan` (`id`) ON UPDATE CASCADE;
COMMIT;

/*!40101 SET CHARACTER_SET_CLIENT=@OLD_CHARACTER_SET_CLIENT */;
/*!40101 SET CHARACTER_SET_RESULTS=@OLD_CHARACTER_SET_RESULTS */;
/*!40101 SET COLLATION_CONNECTION=@OLD_COLLATION_CONNECTION */;
